task_id	state_id	ph	nacl_mM	concentration_mg_ml	seed	output_dir	state_config	md_config	expected_state_model_id
0	pH3_nacl0_c0p1_seed20260813	3.0	0.0	0.1	20260813	results/refcba_full_grid_v3/coarse/pH3_nacl0_c0p1_seed20260813	configs/refcba_state_model.yaml	configs/refcba_md.yaml	huang_anchored_refcba_gouy_chapman_salt_v3
1	pH3_nacl0_c0p2_seed20260813	3.0	0.0	0.2	20260813	results/refcba_full_grid_v3/coarse/pH3_nacl0_c0p2_seed20260813	configs/refcba_state_model.yaml	configs/refcba_md.yaml	huang_anchored_refcba_gouy_chapman_salt_v3
2	pH3_nacl0_c0p5_seed20260813	3.0	0.0	0.5	20260813	results/refcba_full_grid_v3/coarse/pH3_nacl0_c0p5_seed20260813	configs/refcba_state_model.yaml	configs/refcba_md.yaml	huang_anchored_refcba_gouy_chapman_salt_v3
3	pH3_nacl0_c1_seed20260813	3.0	0.0	1.0	20260813	results/refcba_full_grid_v3/coarse/pH3_nacl0_c1_seed20260813	configs/refcba_state_model.yaml	configs/refcba_md.yaml	huang_anchored_refcba_gouy_chapman_salt_v3
4	pH3_nacl0_c2_seed20260813	3.0	0.0	2.0	20260813	results/refcba_full_grid_v3/coarse/pH3_nacl0_c2_seed20260813	configs/refcba_state_model.yaml	configs/refcba_md.yaml	huang_anchored_refcba_gouy_chapman_salt_v3
5	pH3_nacl0_c5_seed20260813	3.0	0.0	5.0	20260813	results/refcba_full_grid_v3/coarse/pH3_nacl0_c5_seed20260813	configs/refcba_state_model.yaml	configs/refcba_md.yaml	huang_anchored_refcba_gouy_chapman_salt_v3
6	pH3_nacl0_c10_seed20260813	3.0	0.0	10.0	20260813	results/refcba_full_grid_v3/coarse/pH3_nacl0_c10_seed20260813	configs/refcba_state_model.yaml	configs/refcba_md.yaml	huang_anchored_refcba_gouy_chapman_salt_v3
7	pH3_nacl0_c20_seed20260813	3.0	0.0	20.0	20260813	results/refcba_full_grid_v3/coarse/pH3_nacl0_c20_seed20260813	configs/refcba_state_model.yaml	configs/refcba_md.yaml	huang_anchored_refcba_gouy_chapman_salt_v3
8	pH3_nacl25_c0p1_seed20260813	3.0	25.0	0.1	20260813	results/refcba_full_grid_v3/coarse/pH3_nacl25_c0p1_seed20260813	configs/refcba_state_model.yaml	configs/refcba_md.yaml	huang_anchored_refcba_gouy_chapman_salt_v3
9	pH3_nacl25_c0p2_seed20260813	3.0	25.0	0.2	20260813	results/refcba_full_grid_v3/coarse/pH3_nacl25_c0p2_seed20260813	configs/refcba_state_model.yaml	configs/refcba_md.yaml	huang_anchored_refcba_gouy_chapman_salt_v3
10	pH3_nacl25_c0p5_seed20260813	3.0	25.0	0.5	20260813	results/refcba_full_grid_v3/coarse/pH3_nacl25_c0p5_seed20260813	configs/refcba_state_model.yaml	configs/refcba_md.yaml	huang_anchored_refcba_gouy_chapman_salt_v3
11	pH3_nacl25_c1_seed20260813	3.0	25.0	1.0	20260813	results/refcba_full_grid_v3/coarse/pH3_nacl25_c1_seed20260813	configs/refcba_state_model.yaml	configs/refcba_md.yaml	huang_anchored_refcba_gouy_chapman_salt_v3
12	pH3_nacl25_c2_seed20260813	3.0	25.0	2.0	20260813	results/refcba_full_grid_v3/coarse/pH3_nacl25_c2_seed20260813	configs/refcba_state_model.yaml	configs/refcba_md.yaml	huang_anchored_refcba_gouy_chapman_salt_v3
13	pH3_nacl25_c5_seed20260813	3.0	25.0	5.0	20260813	results/refcba_full_grid_v3/coarse/pH3_nacl25_c5_seed20260813	configs/refcba_state_model.yaml	configs/refcba_md.yaml	huang_anchored_refcba_gouy_chapman_salt_v3
14	pH3_nacl25_c10_seed20260813	3.0	25.0	10.0	20260813	results/refcba_full_grid_v3/coarse/pH3_nacl25_c10_seed20260813	configs/refcba_state_model.yaml	configs/refcba_md.yaml	huang_anchored_refcba_gouy_chapman_salt_v3
15	pH3_nacl25_c20_seed20260813	3.0	25.0	20.0	20260813	results/refcba_full_grid_v3/coarse/pH3_nacl25_c20_seed20260813	configs/refcba_state_model.yaml	configs/refcba_md.yaml	huang_anchored_refcba_gouy_chapman_salt_v3
16	pH3_nacl50_c0p1_seed20260813	3.0	50.0	0.1	20260813	results/refcba_full_grid_v3/coarse/pH3_nacl50_c0p1_seed20260813	configs/refcba_state_model.yaml	configs/refcba_md.yaml	huang_anchored_refcba_gouy_chapman_salt_v3
17	pH3_nacl50_c0p2_seed20260813	3.0	50.0	0.2	20260813	results/refcba_full_grid_v3/coarse/pH3_nacl50_c0p2_seed20260813	configs/refcba_state_model.yaml	configs/refcba_md.yaml	huang_anchored_refcba_gouy_chapman_salt_v3
18	pH3_nacl50_c0p5_seed20260813	3.0	50.0	0.5	20260813	results/refcba_full_grid_v3/coarse/pH3_nacl50_c0p5_seed20260813	configs/refcba_state_model.yaml	configs/refcba_md.yaml	huang_anchored_refcba_gouy_chapman_salt_v3
19	pH3_nacl50_c1_seed20260813	3.0	50.0	1.0	20260813	results/refcba_full_grid_v3/coarse/pH3_nacl50_c1_seed20260813	configs/refcba_state_model.yaml	configs/refcba_md.yaml	huang_anchored_refcba_gouy_chapman_salt_v3
20	pH3_nacl50_c2_seed20260813	3.0	50.0	2.0	20260813	results/refcba_full_grid_v3/coarse/pH3_nacl50_c2_seed20260813	configs/refcba_state_model.yaml	configs/refcba_md.yaml	huang_anchored_refcba_gouy_chapman_salt_v3
21	pH3_nacl50_c5_seed20260813	3.0	50.0	5.0	20260813	results/refcba_full_grid_v3/coarse/pH3_nacl50_c5_seed20260813	configs/refcba_state_model.yaml	configs/refcba_md.yaml	huang_anchored_refcba_gouy_chapman_salt_v3
22	pH3_nacl50_c10_seed20260813	3.0	50.0	10.0	20260813	results/refcba_full_grid_v3/coarse/pH3_nacl50_c10_seed20260813	configs/refcba_state_model.yaml	configs/refcba_md.yaml	huang_anchored_refcba_gouy_chapman_salt_v3
23	pH3_nacl50_c20_seed20260813	3.0	50.0	20.0	20260813	results/refcba_full_grid_v3/coarse/pH3_nacl50_c20_seed20260813	configs/refcba_state_model.yaml	configs/refcba_md.yaml	huang_anchored_refcba_gouy_chapman_salt_v3
24	pH3_nacl100_c0p1_seed20260813	3.0	100.0	0.1	20260813	results/refcba_full_grid_v3/coarse/pH3_nacl100_c0p1_seed20260813	configs/refcba_state_model.yaml	configs/refcba_md.yaml	huang_anchored_refcba_gouy_chapman_salt_v3
25	pH3_nacl100_c0p2_seed20260813	3.0	100.0	0.2	20260813	results/refcba_full_grid_v3/coarse/pH3_nacl100_c0p2_seed20260813	configs/refcba_state_model.yaml	configs/refcba_md.yaml	huang_anchored_refcba_gouy_chapman_salt_v3
26	pH3_nacl100_c0p5_seed20260813	3.0	100.0	0.5	20260813	results/refcba_full_grid_v3/coarse/pH3_nacl100_c0p5_seed20260813	configs/refcba_state_model.yaml	configs/refcba_md.yaml	huang_anchored_refcba_gouy_chapman_salt_v3
27	pH3_nacl100_c1_seed20260813	3.0	100.0	1.0	20260813	results/refcba_full_grid_v3/coarse/pH3_nacl100_c1_seed20260813	configs/refcba_state_model.yaml	configs/refcba_md.yaml	huang_anchored_refcba_gouy_chapman_salt_v3
28	pH3_nacl100_c2_seed20260813	3.0	100.0	2.0	20260813	results/refcba_full_grid_v3/coarse/pH3_nacl100_c2_seed20260813	configs/refcba_state_model.yaml	configs/refcba_md.yaml	huang_anchored_refcba_gouy_chapman_salt_v3
29	pH3_nacl100_c5_seed20260813	3.0	100.0	5.0	20260813	results/refcba_full_grid_v3/coarse/pH3_nacl100_c5_seed20260813	configs/refcba_state_model.yaml	configs/refcba_md.yaml	huang_anchored_refcba_gouy_chapman_salt_v3
30	pH3_nacl100_c10_seed20260813	3.0	100.0	10.0	20260813	results/refcba_full_grid_v3/coarse/pH3_nacl100_c10_seed20260813	configs/refcba_state_model.yaml	configs/refcba_md.yaml	huang_anchored_refcba_gouy_chapman_salt_v3
31	pH3_nacl100_c20_seed20260813	3.0	100.0	20.0	20260813	results/refcba_full_grid_v3/coarse/pH3_nacl100_c20_seed20260813	configs/refcba_state_model.yaml	configs/refcba_md.yaml	huang_anchored_refcba_gouy_chapman_salt_v3
32	pH3_nacl200_c0p1_seed20260813	3.0	200.0	0.1	20260813	results/refcba_full_grid_v3/coarse/pH3_nacl200_c0p1_seed20260813	configs/refcba_state_model.yaml	configs/refcba_md.yaml	huang_anchored_refcba_gouy_chapman_salt_v3
33	pH3_nacl200_c0p2_seed20260813	3.0	200.0	0.2	20260813	results/refcba_full_grid_v3/coarse/pH3_nacl200_c0p2_seed20260813	configs/refcba_state_model.yaml	configs/refcba_md.yaml	huang_anchored_refcba_gouy_chapman_salt_v3
34	pH3_nacl200_c0p5_seed20260813	3.0	200.0	0.5	20260813	results/refcba_full_grid_v3/coarse/pH3_nacl200_c0p5_seed20260813	configs/refcba_state_model.yaml	configs/refcba_md.yaml	huang_anchored_refcba_gouy_chapman_salt_v3
35	pH3_nacl200_c1_seed20260813	3.0	200.0	1.0	20260813	results/refcba_full_grid_v3/coarse/pH3_nacl200_c1_seed20260813	configs/refcba_state_model.yaml	configs/refcba_md.yaml	huang_anchored_refcba_gouy_chapman_salt_v3
36	pH3_nacl200_c2_seed20260813	3.0	200.0	2.0	20260813	results/refcba_full_grid_v3/coarse/pH3_nacl200_c2_seed20260813	configs/refcba_state_model.yaml	configs/refcba_md.yaml	huang_anchored_refcba_gouy_chapman_salt_v3
37	pH3_nacl200_c5_seed20260813	3.0	200.0	5.0	20260813	results/refcba_full_grid_v3/coarse/pH3_nacl200_c5_seed20260813	configs/refcba_state_model.yaml	configs/refcba_md.yaml	huang_anchored_refcba_gouy_chapman_salt_v3
38	pH3_nacl200_c10_seed20260813	3.0	200.0	10.0	20260813	results/refcba_full_grid_v3/coarse/pH3_nacl200_c10_seed20260813	configs/refcba_state_model.yaml	configs/refcba_md.yaml	huang_anchored_refcba_gouy_chapman_salt_v3
39	pH3_nacl200_c20_seed20260813	3.0	200.0	20.0	20260813	results/refcba_full_grid_v3/coarse/pH3_nacl200_c20_seed20260813	configs/refcba_state_model.yaml	configs/refcba_md.yaml	huang_anchored_refcba_gouy_chapman_salt_v3
40	pH3_nacl300_c0p1_seed20260813	3.0	300.0	0.1	20260813	results/refcba_full_grid_v3/coarse/pH3_nacl300_c0p1_seed20260813	configs/refcba_state_model.yaml	configs/refcba_md.yaml	huang_anchored_refcba_gouy_chapman_salt_v3
41	pH3_nacl300_c0p2_seed20260813	3.0	300.0	0.2	20260813	results/refcba_full_grid_v3/coarse/pH3_nacl300_c0p2_seed20260813	configs/refcba_state_model.yaml	configs/refcba_md.yaml	huang_anchored_refcba_gouy_chapman_salt_v3
42	pH3_nacl300_c0p5_seed20260813	3.0	300.0	0.5	20260813	results/refcba_full_grid_v3/coarse/pH3_nacl300_c0p5_seed20260813	configs/refcba_state_model.yaml	configs/refcba_md.yaml	huang_anchored_refcba_gouy_chapman_salt_v3
43	pH3_nacl300_c1_seed20260813	3.0	300.0	1.0	20260813	results/refcba_full_grid_v3/coarse/pH3_nacl300_c1_seed20260813	configs/refcba_state_model.yaml	configs/refcba_md.yaml	huang_anchored_refcba_gouy_chapman_salt_v3
44	pH3_nacl300_c2_seed20260813	3.0	300.0	2.0	20260813	results/refcba_full_grid_v3/coarse/pH3_nacl300_c2_seed20260813	configs/refcba_state_model.yaml	configs/refcba_md.yaml	huang_anchored_refcba_gouy_chapman_salt_v3
45	pH3_nacl300_c5_seed20260813	3.0	300.0	5.0	20260813	results/refcba_full_grid_v3/coarse/pH3_nacl300_c5_seed20260813	configs/refcba_state_model.yaml	configs/refcba_md.yaml	huang_anchored_refcba_gouy_chapman_salt_v3
46	pH3_nacl300_c10_seed20260813	3.0	300.0	10.0	20260813	results/refcba_full_grid_v3/coarse/pH3_nacl300_c10_seed20260813	configs/refcba_state_model.yaml	configs/refcba_md.yaml	huang_anchored_refcba_gouy_chapman_salt_v3
47	pH3_nacl300_c20_seed20260813	3.0	300.0	20.0	20260813	results/refcba_full_grid_v3/coarse/pH3_nacl300_c20_seed20260813	configs/refcba_state_model.yaml	configs/refcba_md.yaml	huang_anchored_refcba_gouy_chapman_salt_v3
48	pH3_nacl400_c0p1_seed20260813	3.0	400.0	0.1	20260813	results/refcba_full_grid_v3/coarse/pH3_nacl400_c0p1_seed20260813	configs/refcba_state_model.yaml	configs/refcba_md.yaml	huang_anchored_refcba_gouy_chapman_salt_v3
49	pH3_nacl400_c0p2_seed20260813	3.0	400.0	0.2	20260813	results/refcba_full_grid_v3/coarse/pH3_nacl400_c0p2_seed20260813	configs/refcba_state_model.yaml	configs/refcba_md.yaml	huang_anchored_refcba_gouy_chapman_salt_v3
50	pH3_nacl400_c0p5_seed20260813	3.0	400.0	0.5	20260813	results/refcba_full_grid_v3/coarse/pH3_nacl400_c0p5_seed20260813	configs/refcba_state_model.yaml	configs/refcba_md.yaml	huang_anchored_refcba_gouy_chapman_salt_v3
51	pH3_nacl400_c1_seed20260813	3.0	400.0	1.0	20260813	results/refcba_full_grid_v3/coarse/pH3_nacl400_c1_seed20260813	configs/refcba_state_model.yaml	configs/refcba_md.yaml	huang_anchored_refcba_gouy_chapman_salt_v3
52	pH3_nacl400_c2_seed20260813	3.0	400.0	2.0	20260813	results/refcba_full_grid_v3/coarse/pH3_nacl400_c2_seed20260813	configs/refcba_state_model.yaml	configs/refcba_md.yaml	huang_anchored_refcba_gouy_chapman_salt_v3
53	pH3_nacl400_c5_seed20260813	3.0	400.0	5.0	20260813	results/refcba_full_grid_v3/coarse/pH3_nacl400_c5_seed20260813	configs/refcba_state_model.yaml	configs/refcba_md.yaml	huang_anchored_refcba_gouy_chapman_salt_v3
54	pH3_nacl400_c10_seed20260813	3.0	400.0	10.0	20260813	results/refcba_full_grid_v3/coarse/pH3_nacl400_c10_seed20260813	configs/refcba_state_model.yaml	configs/refcba_md.yaml	huang_anchored_refcba_gouy_chapman_salt_v3
55	pH3_nacl400_c20_seed20260813	3.0	400.0	20.0	20260813	results/refcba_full_grid_v3/coarse/pH3_nacl400_c20_seed20260813	configs/refcba_state_model.yaml	configs/refcba_md.yaml	huang_anchored_refcba_gouy_chapman_salt_v3
56	pH3_nacl500_c0p1_seed20260813	3.0	500.0	0.1	20260813	results/refcba_full_grid_v3/coarse/pH3_nacl500_c0p1_seed20260813	configs/refcba_state_model.yaml	configs/refcba_md.yaml	huang_anchored_refcba_gouy_chapman_salt_v3
57	pH3_nacl500_c0p2_seed20260813	3.0	500.0	0.2	20260813	results/refcba_full_grid_v3/coarse/pH3_nacl500_c0p2_seed20260813	configs/refcba_state_model.yaml	configs/refcba_md.yaml	huang_anchored_refcba_gouy_chapman_salt_v3
58	pH3_nacl500_c0p5_seed20260813	3.0	500.0	0.5	20260813	results/refcba_full_grid_v3/coarse/pH3_nacl500_c0p5_seed20260813	configs/refcba_state_model.yaml	configs/refcba_md.yaml	huang_anchored_refcba_gouy_chapman_salt_v3
59	pH3_nacl500_c1_seed20260813	3.0	500.0	1.0	20260813	results/refcba_full_grid_v3/coarse/pH3_nacl500_c1_seed20260813	configs/refcba_state_model.yaml	configs/refcba_md.yaml	huang_anchored_refcba_gouy_chapman_salt_v3
60	pH3_nacl500_c2_seed20260813	3.0	500.0	2.0	20260813	results/refcba_full_grid_v3/coarse/pH3_nacl500_c2_seed20260813	configs/refcba_state_model.yaml	configs/refcba_md.yaml	huang_anchored_refcba_gouy_chapman_salt_v3
61	pH3_nacl500_c5_seed20260813	3.0	500.0	5.0	20260813	results/refcba_full_grid_v3/coarse/pH3_nacl500_c5_seed20260813	configs/refcba_state_model.yaml	configs/refcba_md.yaml	huang_anchored_refcba_gouy_chapman_salt_v3
62	pH3_nacl500_c10_seed20260813	3.0	500.0	10.0	20260813	results/refcba_full_grid_v3/coarse/pH3_nacl500_c10_seed20260813	configs/refcba_state_model.yaml	configs/refcba_md.yaml	huang_anchored_refcba_gouy_chapman_salt_v3
63	pH3_nacl500_c20_seed20260813	3.0	500.0	20.0	20260813	results/refcba_full_grid_v3/coarse/pH3_nacl500_c20_seed20260813	configs/refcba_state_model.yaml	configs/refcba_md.yaml	huang_anchored_refcba_gouy_chapman_salt_v3
64	pH4_nacl0_c0p1_seed20260813	4.0	0.0	0.1	20260813	results/refcba_full_grid_v3/coarse/pH4_nacl0_c0p1_seed20260813	configs/refcba_state_model.yaml	configs/refcba_md.yaml	huang_anchored_refcba_gouy_chapman_salt_v3
65	pH4_nacl0_c0p2_seed20260813	4.0	0.0	0.2	20260813	results/refcba_full_grid_v3/coarse/pH4_nacl0_c0p2_seed20260813	configs/refcba_state_model.yaml	configs/refcba_md.yaml	huang_anchored_refcba_gouy_chapman_salt_v3
66	pH4_nacl0_c0p5_seed20260813	4.0	0.0	0.5	20260813	results/refcba_full_grid_v3/coarse/pH4_nacl0_c0p5_seed20260813	configs/refcba_state_model.yaml	configs/refcba_md.yaml	huang_anchored_refcba_gouy_chapman_salt_v3
67	pH4_nacl0_c1_seed20260813	4.0	0.0	1.0	20260813	results/refcba_full_grid_v3/coarse/pH4_nacl0_c1_seed20260813	configs/refcba_state_model.yaml	configs/refcba_md.yaml	huang_anchored_refcba_gouy_chapman_salt_v3
68	pH4_nacl0_c2_seed20260813	4.0	0.0	2.0	20260813	results/refcba_full_grid_v3/coarse/pH4_nacl0_c2_seed20260813	configs/refcba_state_model.yaml	configs/refcba_md.yaml	huang_anchored_refcba_gouy_chapman_salt_v3
69	pH4_nacl0_c5_seed20260813	4.0	0.0	5.0	20260813	results/refcba_full_grid_v3/coarse/pH4_nacl0_c5_seed20260813	configs/refcba_state_model.yaml	configs/refcba_md.yaml	huang_anchored_refcba_gouy_chapman_salt_v3
70	pH4_nacl0_c10_seed20260813	4.0	0.0	10.0	20260813	results/refcba_full_grid_v3/coarse/pH4_nacl0_c10_seed20260813	configs/refcba_state_model.yaml	configs/refcba_md.yaml	huang_anchored_refcba_gouy_chapman_salt_v3
71	pH4_nacl0_c20_seed20260813	4.0	0.0	20.0	20260813	results/refcba_full_grid_v3/coarse/pH4_nacl0_c20_seed20260813	configs/refcba_state_model.yaml	configs/refcba_md.yaml	huang_anchored_refcba_gouy_chapman_salt_v3
72	pH4_nacl25_c0p1_seed20260813	4.0	25.0	0.1	20260813	results/refcba_full_grid_v3/coarse/pH4_nacl25_c0p1_seed20260813	configs/refcba_state_model.yaml	configs/refcba_md.yaml	huang_anchored_refcba_gouy_chapman_salt_v3
73	pH4_nacl25_c0p2_seed20260813	4.0	25.0	0.2	20260813	results/refcba_full_grid_v3/coarse/pH4_nacl25_c0p2_seed20260813	configs/refcba_state_model.yaml	configs/refcba_md.yaml	huang_anchored_refcba_gouy_chapman_salt_v3
74	pH4_nacl25_c0p5_seed20260813	4.0	25.0	0.5	20260813	results/refcba_full_grid_v3/coarse/pH4_nacl25_c0p5_seed20260813	configs/refcba_state_model.yaml	configs/refcba_md.yaml	huang_anchored_refcba_gouy_chapman_salt_v3
75	pH4_nacl25_c1_seed20260813	4.0	25.0	1.0	20260813	results/refcba_full_grid_v3/coarse/pH4_nacl25_c1_seed20260813	configs/refcba_state_model.yaml	configs/refcba_md.yaml	huang_anchored_refcba_gouy_chapman_salt_v3
76	pH4_nacl25_c2_seed20260813	4.0	25.0	2.0	20260813	results/refcba_full_grid_v3/coarse/pH4_nacl25_c2_seed20260813	configs/refcba_state_model.yaml	configs/refcba_md.yaml	huang_anchored_refcba_gouy_chapman_salt_v3
77	pH4_nacl25_c5_seed20260813	4.0	25.0	5.0	20260813	results/refcba_full_grid_v3/coarse/pH4_nacl25_c5_seed20260813	configs/refcba_state_model.yaml	configs/refcba_md.yaml	huang_anchored_refcba_gouy_chapman_salt_v3
78	pH4_nacl25_c10_seed20260813	4.0	25.0	10.0	20260813	results/refcba_full_grid_v3/coarse/pH4_nacl25_c10_seed20260813	configs/refcba_state_model.yaml	configs/refcba_md.yaml	huang_anchored_refcba_gouy_chapman_salt_v3
79	pH4_nacl25_c20_seed20260813	4.0	25.0	20.0	20260813	results/refcba_full_grid_v3/coarse/pH4_nacl25_c20_seed20260813	configs/refcba_state_model.yaml	configs/refcba_md.yaml	huang_anchored_refcba_gouy_chapman_salt_v3
80	pH4_nacl50_c0p1_seed20260813	4.0	50.0	0.1	20260813	results/refcba_full_grid_v3/coarse/pH4_nacl50_c0p1_seed20260813	configs/refcba_state_model.yaml	configs/refcba_md.yaml	huang_anchored_refcba_gouy_chapman_salt_v3
81	pH4_nacl50_c0p2_seed20260813	4.0	50.0	0.2	20260813	results/refcba_full_grid_v3/coarse/pH4_nacl50_c0p2_seed20260813	configs/refcba_state_model.yaml	configs/refcba_md.yaml	huang_anchored_refcba_gouy_chapman_salt_v3
82	pH4_nacl50_c0p5_seed20260813	4.0	50.0	0.5	20260813	results/refcba_full_grid_v3/coarse/pH4_nacl50_c0p5_seed20260813	configs/refcba_state_model.yaml	configs/refcba_md.yaml	huang_anchored_refcba_gouy_chapman_salt_v3
83	pH4_nacl50_c1_seed20260813	4.0	50.0	1.0	20260813	results/refcba_full_grid_v3/coarse/pH4_nacl50_c1_seed20260813	configs/refcba_state_model.yaml	configs/refcba_md.yaml	huang_anchored_refcba_gouy_chapman_salt_v3
84	pH4_nacl50_c2_seed20260813	4.0	50.0	2.0	20260813	results/refcba_full_grid_v3/coarse/pH4_nacl50_c2_seed20260813	configs/refcba_state_model.yaml	configs/refcba_md.yaml	huang_anchored_refcba_gouy_chapman_salt_v3
85	pH4_nacl50_c5_seed20260813	4.0	50.0	5.0	20260813	results/refcba_full_grid_v3/coarse/pH4_nacl50_c5_seed20260813	configs/refcba_state_model.yaml	configs/refcba_md.yaml	huang_anchored_refcba_gouy_chapman_salt_v3
86	pH4_nacl50_c10_seed20260813	4.0	50.0	10.0	20260813	results/refcba_full_grid_v3/coarse/pH4_nacl50_c10_seed20260813	configs/refcba_state_model.yaml	configs/refcba_md.yaml	huang_anchored_refcba_gouy_chapman_salt_v3
87	pH4_nacl50_c20_seed20260813	4.0	50.0	20.0	20260813	results/refcba_full_grid_v3/coarse/pH4_nacl50_c20_seed20260813	configs/refcba_state_model.yaml	configs/refcba_md.yaml	huang_anchored_refcba_gouy_chapman_salt_v3
88	pH4_nacl100_c0p1_seed20260813	4.0	100.0	0.1	20260813	results/refcba_full_grid_v3/coarse/pH4_nacl100_c0p1_seed20260813	configs/refcba_state_model.yaml	configs/refcba_md.yaml	huang_anchored_refcba_gouy_chapman_salt_v3
89	pH4_nacl100_c0p2_seed20260813	4.0	100.0	0.2	20260813	results/refcba_full_grid_v3/coarse/pH4_nacl100_c0p2_seed20260813	configs/refcba_state_model.yaml	configs/refcba_md.yaml	huang_anchored_refcba_gouy_chapman_salt_v3
90	pH4_nacl100_c0p5_seed20260813	4.0	100.0	0.5	20260813	results/refcba_full_grid_v3/coarse/pH4_nacl100_c0p5_seed20260813	configs/refcba_state_model.yaml	configs/refcba_md.yaml	huang_anchored_refcba_gouy_chapman_salt_v3
91	pH4_nacl100_c1_seed20260813	4.0	100.0	1.0	20260813	results/refcba_full_grid_v3/coarse/pH4_nacl100_c1_seed20260813	configs/refcba_state_model.yaml	configs/refcba_md.yaml	huang_anchored_refcba_gouy_chapman_salt_v3
92	pH4_nacl100_c2_seed20260813	4.0	100.0	2.0	20260813	results/refcba_full_grid_v3/coarse/pH4_nacl100_c2_seed20260813	configs/refcba_state_model.yaml	configs/refcba_md.yaml	huang_anchored_refcba_gouy_chapman_salt_v3
93	pH4_nacl100_c5_seed20260813	4.0	100.0	5.0	20260813	results/refcba_full_grid_v3/coarse/pH4_nacl100_c5_seed20260813	configs/refcba_state_model.yaml	configs/refcba_md.yaml	huang_anchored_refcba_gouy_chapman_salt_v3
94	pH4_nacl100_c10_seed20260813	4.0	100.0	10.0	20260813	results/refcba_full_grid_v3/coarse/pH4_nacl100_c10_seed20260813	configs/refcba_state_model.yaml	configs/refcba_md.yaml	huang_anchored_refcba_gouy_chapman_salt_v3
95	pH4_nacl100_c20_seed20260813	4.0	100.0	20.0	20260813	results/refcba_full_grid_v3/coarse/pH4_nacl100_c20_seed20260813	configs/refcba_state_model.yaml	configs/refcba_md.yaml	huang_anchored_refcba_gouy_chapman_salt_v3
96	pH4_nacl200_c0p1_seed20260813	4.0	200.0	0.1	20260813	results/refcba_full_grid_v3/coarse/pH4_nacl200_c0p1_seed20260813	configs/refcba_state_model.yaml	configs/refcba_md.yaml	huang_anchored_refcba_gouy_chapman_salt_v3
97	pH4_nacl200_c0p2_seed20260813	4.0	200.0	0.2	20260813	results/refcba_full_grid_v3/coarse/pH4_nacl200_c0p2_seed20260813	configs/refcba_state_model.yaml	configs/refcba_md.yaml	huang_anchored_refcba_gouy_chapman_salt_v3
98	pH4_nacl200_c0p5_seed20260813	4.0	200.0	0.5	20260813	results/refcba_full_grid_v3/coarse/pH4_nacl200_c0p5_seed20260813	configs/refcba_state_model.yaml	configs/refcba_md.yaml	huang_anchored_refcba_gouy_chapman_salt_v3
99	pH4_nacl200_c1_seed20260813	4.0	200.0	1.0	20260813	results/refcba_full_grid_v3/coarse/pH4_nacl200_c1_seed20260813	configs/refcba_state_model.yaml	configs/refcba_md.yaml	huang_anchored_refcba_gouy_chapman_salt_v3
100	pH4_nacl200_c2_seed20260813	4.0	200.0	2.0	20260813	results/refcba_full_grid_v3/coarse/pH4_nacl200_c2_seed20260813	configs/refcba_state_model.yaml	configs/refcba_md.yaml	huang_anchored_refcba_gouy_chapman_salt_v3
101	pH4_nacl200_c5_seed20260813	4.0	200.0	5.0	20260813	results/refcba_full_grid_v3/coarse/pH4_nacl200_c5_seed20260813	configs/refcba_state_model.yaml	configs/refcba_md.yaml	huang_anchored_refcba_gouy_chapman_salt_v3
102	pH4_nacl200_c10_seed20260813	4.0	200.0	10.0	20260813	results/refcba_full_grid_v3/coarse/pH4_nacl200_c10_seed20260813	configs/refcba_state_model.yaml	configs/refcba_md.yaml	huang_anchored_refcba_gouy_chapman_salt_v3
103	pH4_nacl200_c20_seed20260813	4.0	200.0	20.0	20260813	results/refcba_full_grid_v3/coarse/pH4_nacl200_c20_seed20260813	configs/refcba_state_model.yaml	configs/refcba_md.yaml	huang_anchored_refcba_gouy_chapman_salt_v3
104	pH4_nacl300_c0p1_seed20260813	4.0	300.0	0.1	20260813	results/refcba_full_grid_v3/coarse/pH4_nacl300_c0p1_seed20260813	configs/refcba_state_model.yaml	configs/refcba_md.yaml	huang_anchored_refcba_gouy_chapman_salt_v3
105	pH4_nacl300_c0p2_seed20260813	4.0	300.0	0.2	20260813	results/refcba_full_grid_v3/coarse/pH4_nacl300_c0p2_seed20260813	configs/refcba_state_model.yaml	configs/refcba_md.yaml	huang_anchored_refcba_gouy_chapman_salt_v3
106	pH4_nacl300_c0p5_seed20260813	4.0	300.0	0.5	20260813	results/refcba_full_grid_v3/coarse/pH4_nacl300_c0p5_seed20260813	configs/refcba_state_model.yaml	configs/refcba_md.yaml	huang_anchored_refcba_gouy_chapman_salt_v3
107	pH4_nacl300_c1_seed20260813	4.0	300.0	1.0	20260813	results/refcba_full_grid_v3/coarse/pH4_nacl300_c1_seed20260813	configs/refcba_state_model.yaml	configs/refcba_md.yaml	huang_anchored_refcba_gouy_chapman_salt_v3
108	pH4_nacl300_c2_seed20260813	4.0	300.0	2.0	20260813	results/refcba_full_grid_v3/coarse/pH4_nacl300_c2_seed20260813	configs/refcba_state_model.yaml	configs/refcba_md.yaml	huang_anchored_refcba_gouy_chapman_salt_v3
109	pH4_nacl300_c5_seed20260813	4.0	300.0	5.0	20260813	results/refcba_full_grid_v3/coarse/pH4_nacl300_c5_seed20260813	configs/refcba_state_model.yaml	configs/refcba_md.yaml	huang_anchored_refcba_gouy_chapman_salt_v3
110	pH4_nacl300_c10_seed20260813	4.0	300.0	10.0	20260813	results/refcba_full_grid_v3/coarse/pH4_nacl300_c10_seed20260813	configs/refcba_state_model.yaml	configs/refcba_md.yaml	huang_anchored_refcba_gouy_chapman_salt_v3
111	pH4_nacl300_c20_seed20260813	4.0	300.0	20.0	20260813	results/refcba_full_grid_v3/coarse/pH4_nacl300_c20_seed20260813	configs/refcba_state_model.yaml	configs/refcba_md.yaml	huang_anchored_refcba_gouy_chapman_salt_v3
112	pH4_nacl400_c0p1_seed20260813	4.0	400.0	0.1	20260813	results/refcba_full_grid_v3/coarse/pH4_nacl400_c0p1_seed20260813	configs/refcba_state_model.yaml	configs/refcba_md.yaml	huang_anchored_refcba_gouy_chapman_salt_v3
113	pH4_nacl400_c0p2_seed20260813	4.0	400.0	0.2	20260813	results/refcba_full_grid_v3/coarse/pH4_nacl400_c0p2_seed20260813	configs/refcba_state_model.yaml	configs/refcba_md.yaml	huang_anchored_refcba_gouy_chapman_salt_v3
114	pH4_nacl400_c0p5_seed20260813	4.0	400.0	0.5	20260813	results/refcba_full_grid_v3/coarse/pH4_nacl400_c0p5_seed20260813	configs/refcba_state_model.yaml	configs/refcba_md.yaml	huang_anchored_refcba_gouy_chapman_salt_v3
115	pH4_nacl400_c1_seed20260813	4.0	400.0	1.0	20260813	results/refcba_full_grid_v3/coarse/pH4_nacl400_c1_seed20260813	configs/refcba_state_model.yaml	configs/refcba_md.yaml	huang_anchored_refcba_gouy_chapman_salt_v3
116	pH4_nacl400_c2_seed20260813	4.0	400.0	2.0	20260813	results/refcba_full_grid_v3/coarse/pH4_nacl400_c2_seed20260813	configs/refcba_state_model.yaml	configs/refcba_md.yaml	huang_anchored_refcba_gouy_chapman_salt_v3
117	pH4_nacl400_c5_seed20260813	4.0	400.0	5.0	20260813	results/refcba_full_grid_v3/coarse/pH4_nacl400_c5_seed20260813	configs/refcba_state_model.yaml	configs/refcba_md.yaml	huang_anchored_refcba_gouy_chapman_salt_v3
118	pH4_nacl400_c10_seed20260813	4.0	400.0	10.0	20260813	results/refcba_full_grid_v3/coarse/pH4_nacl400_c10_seed20260813	configs/refcba_state_model.yaml	configs/refcba_md.yaml	huang_anchored_refcba_gouy_chapman_salt_v3
119	pH4_nacl400_c20_seed20260813	4.0	400.0	20.0	20260813	results/refcba_full_grid_v3/coarse/pH4_nacl400_c20_seed20260813	configs/refcba_state_model.yaml	configs/refcba_md.yaml	huang_anchored_refcba_gouy_chapman_salt_v3
120	pH4_nacl500_c0p1_seed20260813	4.0	500.0	0.1	20260813	results/refcba_full_grid_v3/coarse/pH4_nacl500_c0p1_seed20260813	configs/refcba_state_model.yaml	configs/refcba_md.yaml	huang_anchored_refcba_gouy_chapman_salt_v3
121	pH4_nacl500_c0p2_seed20260813	4.0	500.0	0.2	20260813	results/refcba_full_grid_v3/coarse/pH4_nacl500_c0p2_seed20260813	configs/refcba_state_model.yaml	configs/refcba_md.yaml	huang_anchored_refcba_gouy_chapman_salt_v3
122	pH4_nacl500_c0p5_seed20260813	4.0	500.0	0.5	20260813	results/refcba_full_grid_v3/coarse/pH4_nacl500_c0p5_seed20260813	configs/refcba_state_model.yaml	configs/refcba_md.yaml	huang_anchored_refcba_gouy_chapman_salt_v3
123	pH4_nacl500_c1_seed20260813	4.0	500.0	1.0	20260813	results/refcba_full_grid_v3/coarse/pH4_nacl500_c1_seed20260813	configs/refcba_state_model.yaml	configs/refcba_md.yaml	huang_anchored_refcba_gouy_chapman_salt_v3
124	pH4_nacl500_c2_seed20260813	4.0	500.0	2.0	20260813	results/refcba_full_grid_v3/coarse/pH4_nacl500_c2_seed20260813	configs/refcba_state_model.yaml	configs/refcba_md.yaml	huang_anchored_refcba_gouy_chapman_salt_v3
125	pH4_nacl500_c5_seed20260813	4.0	500.0	5.0	20260813	results/refcba_full_grid_v3/coarse/pH4_nacl500_c5_seed20260813	configs/refcba_state_model.yaml	configs/refcba_md.yaml	huang_anchored_refcba_gouy_chapman_salt_v3
126	pH4_nacl500_c10_seed20260813	4.0	500.0	10.0	20260813	results/refcba_full_grid_v3/coarse/pH4_nacl500_c10_seed20260813	configs/refcba_state_model.yaml	configs/refcba_md.yaml	huang_anchored_refcba_gouy_chapman_salt_v3
127	pH4_nacl500_c20_seed20260813	4.0	500.0	20.0	20260813	results/refcba_full_grid_v3/coarse/pH4_nacl500_c20_seed20260813	configs/refcba_state_model.yaml	configs/refcba_md.yaml	huang_anchored_refcba_gouy_chapman_salt_v3
128	pH4p5_nacl0_c0p1_seed20260813	4.5	0.0	0.1	20260813	results/refcba_full_grid_v3/coarse/pH4p5_nacl0_c0p1_seed20260813	configs/refcba_state_model.yaml	configs/refcba_md.yaml	huang_anchored_refcba_gouy_chapman_salt_v3
129	pH4p5_nacl0_c0p2_seed20260813	4.5	0.0	0.2	20260813	results/refcba_full_grid_v3/coarse/pH4p5_nacl0_c0p2_seed20260813	configs/refcba_state_model.yaml	configs/refcba_md.yaml	huang_anchored_refcba_gouy_chapman_salt_v3
130	pH4p5_nacl0_c0p5_seed20260813	4.5	0.0	0.5	20260813	results/refcba_full_grid_v3/coarse/pH4p5_nacl0_c0p5_seed20260813	configs/refcba_state_model.yaml	configs/refcba_md.yaml	huang_anchored_refcba_gouy_chapman_salt_v3
131	pH4p5_nacl0_c1_seed20260813	4.5	0.0	1.0	20260813	results/refcba_full_grid_v3/coarse/pH4p5_nacl0_c1_seed20260813	configs/refcba_state_model.yaml	configs/refcba_md.yaml	huang_anchored_refcba_gouy_chapman_salt_v3
132	pH4p5_nacl0_c2_seed20260813	4.5	0.0	2.0	20260813	results/refcba_full_grid_v3/coarse/pH4p5_nacl0_c2_seed20260813	configs/refcba_state_model.yaml	configs/refcba_md.yaml	huang_anchored_refcba_gouy_chapman_salt_v3
133	pH4p5_nacl0_c5_seed20260813	4.5	0.0	5.0	20260813	results/refcba_full_grid_v3/coarse/pH4p5_nacl0_c5_seed20260813	configs/refcba_state_model.yaml	configs/refcba_md.yaml	huang_anchored_refcba_gouy_chapman_salt_v3
134	pH4p5_nacl0_c10_seed20260813	4.5	0.0	10.0	20260813	results/refcba_full_grid_v3/coarse/pH4p5_nacl0_c10_seed20260813	configs/refcba_state_model.yaml	configs/refcba_md.yaml	huang_anchored_refcba_gouy_chapman_salt_v3
135	pH4p5_nacl0_c20_seed20260813	4.5	0.0	20.0	20260813	results/refcba_full_grid_v3/coarse/pH4p5_nacl0_c20_seed20260813	configs/refcba_state_model.yaml	configs/refcba_md.yaml	huang_anchored_refcba_gouy_chapman_salt_v3
136	pH4p5_nacl25_c0p1_seed20260813	4.5	25.0	0.1	20260813	results/refcba_full_grid_v3/coarse/pH4p5_nacl25_c0p1_seed20260813	configs/refcba_state_model.yaml	configs/refcba_md.yaml	huang_anchored_refcba_gouy_chapman_salt_v3
137	pH4p5_nacl25_c0p2_seed20260813	4.5	25.0	0.2	20260813	results/refcba_full_grid_v3/coarse/pH4p5_nacl25_c0p2_seed20260813	configs/refcba_state_model.yaml	configs/refcba_md.yaml	huang_anchored_refcba_gouy_chapman_salt_v3
138	pH4p5_nacl25_c0p5_seed20260813	4.5	25.0	0.5	20260813	results/refcba_full_grid_v3/coarse/pH4p5_nacl25_c0p5_seed20260813	configs/refcba_state_model.yaml	configs/refcba_md.yaml	huang_anchored_refcba_gouy_chapman_salt_v3
139	pH4p5_nacl25_c1_seed20260813	4.5	25.0	1.0	20260813	results/refcba_full_grid_v3/coarse/pH4p5_nacl25_c1_seed20260813	configs/refcba_state_model.yaml	configs/refcba_md.yaml	huang_anchored_refcba_gouy_chapman_salt_v3
140	pH4p5_nacl25_c2_seed20260813	4.5	25.0	2.0	20260813	results/refcba_full_grid_v3/coarse/pH4p5_nacl25_c2_seed20260813	configs/refcba_state_model.yaml	configs/refcba_md.yaml	huang_anchored_refcba_gouy_chapman_salt_v3
141	pH4p5_nacl25_c5_seed20260813	4.5	25.0	5.0	20260813	results/refcba_full_grid_v3/coarse/pH4p5_nacl25_c5_seed20260813	configs/refcba_state_model.yaml	configs/refcba_md.yaml	huang_anchored_refcba_gouy_chapman_salt_v3
142	pH4p5_nacl25_c10_seed20260813	4.5	25.0	10.0	20260813	results/refcba_full_grid_v3/coarse/pH4p5_nacl25_c10_seed20260813	configs/refcba_state_model.yaml	configs/refcba_md.yaml	huang_anchored_refcba_gouy_chapman_salt_v3
143	pH4p5_nacl25_c20_seed20260813	4.5	25.0	20.0	20260813	results/refcba_full_grid_v3/coarse/pH4p5_nacl25_c20_seed20260813	configs/refcba_state_model.yaml	configs/refcba_md.yaml	huang_anchored_refcba_gouy_chapman_salt_v3
144	pH4p5_nacl50_c0p1_seed20260813	4.5	50.0	0.1	20260813	results/refcba_full_grid_v3/coarse/pH4p5_nacl50_c0p1_seed20260813	configs/refcba_state_model.yaml	configs/refcba_md.yaml	huang_anchored_refcba_gouy_chapman_salt_v3
145	pH4p5_nacl50_c0p2_seed20260813	4.5	50.0	0.2	20260813	results/refcba_full_grid_v3/coarse/pH4p5_nacl50_c0p2_seed20260813	configs/refcba_state_model.yaml	configs/refcba_md.yaml	huang_anchored_refcba_gouy_chapman_salt_v3
146	pH4p5_nacl50_c0p5_seed20260813	4.5	50.0	0.5	20260813	results/refcba_full_grid_v3/coarse/pH4p5_nacl50_c0p5_seed20260813	configs/refcba_state_model.yaml	configs/refcba_md.yaml	huang_anchored_refcba_gouy_chapman_salt_v3
147	pH4p5_nacl50_c1_seed20260813	4.5	50.0	1.0	20260813	results/refcba_full_grid_v3/coarse/pH4p5_nacl50_c1_seed20260813	configs/refcba_state_model.yaml	configs/refcba_md.yaml	huang_anchored_refcba_gouy_chapman_salt_v3
148	pH4p5_nacl50_c2_seed20260813	4.5	50.0	2.0	20260813	results/refcba_full_grid_v3/coarse/pH4p5_nacl50_c2_seed20260813	configs/refcba_state_model.yaml	configs/refcba_md.yaml	huang_anchored_refcba_gouy_chapman_salt_v3
149	pH4p5_nacl50_c5_seed20260813	4.5	50.0	5.0	20260813	results/refcba_full_grid_v3/coarse/pH4p5_nacl50_c5_seed20260813	configs/refcba_state_model.yaml	configs/refcba_md.yaml	huang_anchored_refcba_gouy_chapman_salt_v3
150	pH4p5_nacl50_c10_seed20260813	4.5	50.0	10.0	20260813	results/refcba_full_grid_v3/coarse/pH4p5_nacl50_c10_seed20260813	configs/refcba_state_model.yaml	configs/refcba_md.yaml	huang_anchored_refcba_gouy_chapman_salt_v3
151	pH4p5_nacl50_c20_seed20260813	4.5	50.0	20.0	20260813	results/refcba_full_grid_v3/coarse/pH4p5_nacl50_c20_seed20260813	configs/refcba_state_model.yaml	configs/refcba_md.yaml	huang_anchored_refcba_gouy_chapman_salt_v3
152	pH4p5_nacl100_c0p1_seed20260813	4.5	100.0	0.1	20260813	results/refcba_full_grid_v3/coarse/pH4p5_nacl100_c0p1_seed20260813	configs/refcba_state_model.yaml	configs/refcba_md.yaml	huang_anchored_refcba_gouy_chapman_salt_v3
153	pH4p5_nacl100_c0p2_seed20260813	4.5	100.0	0.2	20260813	results/refcba_full_grid_v3/coarse/pH4p5_nacl100_c0p2_seed20260813	configs/refcba_state_model.yaml	configs/refcba_md.yaml	huang_anchored_refcba_gouy_chapman_salt_v3
154	pH4p5_nacl100_c0p5_seed20260813	4.5	100.0	0.5	20260813	results/refcba_full_grid_v3/coarse/pH4p5_nacl100_c0p5_seed20260813	configs/refcba_state_model.yaml	configs/refcba_md.yaml	huang_anchored_refcba_gouy_chapman_salt_v3
155	pH4p5_nacl100_c1_seed20260813	4.5	100.0	1.0	20260813	results/refcba_full_grid_v3/coarse/pH4p5_nacl100_c1_seed20260813	configs/refcba_state_model.yaml	configs/refcba_md.yaml	huang_anchored_refcba_gouy_chapman_salt_v3
156	pH4p5_nacl100_c2_seed20260813	4.5	100.0	2.0	20260813	results/refcba_full_grid_v3/coarse/pH4p5_nacl100_c2_seed20260813	configs/refcba_state_model.yaml	configs/refcba_md.yaml	huang_anchored_refcba_gouy_chapman_salt_v3
157	pH4p5_nacl100_c5_seed20260813	4.5	100.0	5.0	20260813	results/refcba_full_grid_v3/coarse/pH4p5_nacl100_c5_seed20260813	configs/refcba_state_model.yaml	configs/refcba_md.yaml	huang_anchored_refcba_gouy_chapman_salt_v3
158	pH4p5_nacl100_c10_seed20260813	4.5	100.0	10.0	20260813	results/refcba_full_grid_v3/coarse/pH4p5_nacl100_c10_seed20260813	configs/refcba_state_model.yaml	configs/refcba_md.yaml	huang_anchored_refcba_gouy_chapman_salt_v3
159	pH4p5_nacl100_c20_seed20260813	4.5	100.0	20.0	20260813	results/refcba_full_grid_v3/coarse/pH4p5_nacl100_c20_seed20260813	configs/refcba_state_model.yaml	configs/refcba_md.yaml	huang_anchored_refcba_gouy_chapman_salt_v3
160	pH4p5_nacl200_c0p1_seed20260813	4.5	200.0	0.1	20260813	results/refcba_full_grid_v3/coarse/pH4p5_nacl200_c0p1_seed20260813	configs/refcba_state_model.yaml	configs/refcba_md.yaml	huang_anchored_refcba_gouy_chapman_salt_v3
161	pH4p5_nacl200_c0p2_seed20260813	4.5	200.0	0.2	20260813	results/refcba_full_grid_v3/coarse/pH4p5_nacl200_c0p2_seed20260813	configs/refcba_state_model.yaml	configs/refcba_md.yaml	huang_anchored_refcba_gouy_chapman_salt_v3
162	pH4p5_nacl200_c0p5_seed20260813	4.5	200.0	0.5	20260813	results/refcba_full_grid_v3/coarse/pH4p5_nacl200_c0p5_seed20260813	configs/refcba_state_model.yaml	configs/refcba_md.yaml	huang_anchored_refcba_gouy_chapman_salt_v3
163	pH4p5_nacl200_c1_seed20260813	4.5	200.0	1.0	20260813	results/refcba_full_grid_v3/coarse/pH4p5_nacl200_c1_seed20260813	configs/refcba_state_model.yaml	configs/refcba_md.yaml	huang_anchored_refcba_gouy_chapman_salt_v3
164	pH4p5_nacl200_c2_seed20260813	4.5	200.0	2.0	20260813	results/refcba_full_grid_v3/coarse/pH4p5_nacl200_c2_seed20260813	configs/refcba_state_model.yaml	configs/refcba_md.yaml	huang_anchored_refcba_gouy_chapman_salt_v3
165	pH4p5_nacl200_c5_seed20260813	4.5	200.0	5.0	20260813	results/refcba_full_grid_v3/coarse/pH4p5_nacl200_c5_seed20260813	configs/refcba_state_model.yaml	configs/refcba_md.yaml	huang_anchored_refcba_gouy_chapman_salt_v3
166	pH4p5_nacl200_c10_seed20260813	4.5	200.0	10.0	20260813	results/refcba_full_grid_v3/coarse/pH4p5_nacl200_c10_seed20260813	configs/refcba_state_model.yaml	configs/refcba_md.yaml	huang_anchored_refcba_gouy_chapman_salt_v3
167	pH4p5_nacl200_c20_seed20260813	4.5	200.0	20.0	20260813	results/refcba_full_grid_v3/coarse/pH4p5_nacl200_c20_seed20260813	configs/refcba_state_model.yaml	configs/refcba_md.yaml	huang_anchored_refcba_gouy_chapman_salt_v3
168	pH4p5_nacl300_c0p1_seed20260813	4.5	300.0	0.1	20260813	results/refcba_full_grid_v3/coarse/pH4p5_nacl300_c0p1_seed20260813	configs/refcba_state_model.yaml	configs/refcba_md.yaml	huang_anchored_refcba_gouy_chapman_salt_v3
169	pH4p5_nacl300_c0p2_seed20260813	4.5	300.0	0.2	20260813	results/refcba_full_grid_v3/coarse/pH4p5_nacl300_c0p2_seed20260813	configs/refcba_state_model.yaml	configs/refcba_md.yaml	huang_anchored_refcba_gouy_chapman_salt_v3
170	pH4p5_nacl300_c0p5_seed20260813	4.5	300.0	0.5	20260813	results/refcba_full_grid_v3/coarse/pH4p5_nacl300_c0p5_seed20260813	configs/refcba_state_model.yaml	configs/refcba_md.yaml	huang_anchored_refcba_gouy_chapman_salt_v3
171	pH4p5_nacl300_c1_seed20260813	4.5	300.0	1.0	20260813	results/refcba_full_grid_v3/coarse/pH4p5_nacl300_c1_seed20260813	configs/refcba_state_model.yaml	configs/refcba_md.yaml	huang_anchored_refcba_gouy_chapman_salt_v3
172	pH4p5_nacl300_c2_seed20260813	4.5	300.0	2.0	20260813	results/refcba_full_grid_v3/coarse/pH4p5_nacl300_c2_seed20260813	configs/refcba_state_model.yaml	configs/refcba_md.yaml	huang_anchored_refcba_gouy_chapman_salt_v3
173	pH4p5_nacl300_c5_seed20260813	4.5	300.0	5.0	20260813	results/refcba_full_grid_v3/coarse/pH4p5_nacl300_c5_seed20260813	configs/refcba_state_model.yaml	configs/refcba_md.yaml	huang_anchored_refcba_gouy_chapman_salt_v3
174	pH4p5_nacl300_c10_seed20260813	4.5	300.0	10.0	20260813	results/refcba_full_grid_v3/coarse/pH4p5_nacl300_c10_seed20260813	configs/refcba_state_model.yaml	configs/refcba_md.yaml	huang_anchored_refcba_gouy_chapman_salt_v3
175	pH4p5_nacl300_c20_seed20260813	4.5	300.0	20.0	20260813	results/refcba_full_grid_v3/coarse/pH4p5_nacl300_c20_seed20260813	configs/refcba_state_model.yaml	configs/refcba_md.yaml	huang_anchored_refcba_gouy_chapman_salt_v3
176	pH4p5_nacl400_c0p1_seed20260813	4.5	400.0	0.1	20260813	results/refcba_full_grid_v3/coarse/pH4p5_nacl400_c0p1_seed20260813	configs/refcba_state_model.yaml	configs/refcba_md.yaml	huang_anchored_refcba_gouy_chapman_salt_v3
177	pH4p5_nacl400_c0p2_seed20260813	4.5	400.0	0.2	20260813	results/refcba_full_grid_v3/coarse/pH4p5_nacl400_c0p2_seed20260813	configs/refcba_state_model.yaml	configs/refcba_md.yaml	huang_anchored_refcba_gouy_chapman_salt_v3
178	pH4p5_nacl400_c0p5_seed20260813	4.5	400.0	0.5	20260813	results/refcba_full_grid_v3/coarse/pH4p5_nacl400_c0p5_seed20260813	configs/refcba_state_model.yaml	configs/refcba_md.yaml	huang_anchored_refcba_gouy_chapman_salt_v3
179	pH4p5_nacl400_c1_seed20260813	4.5	400.0	1.0	20260813	results/refcba_full_grid_v3/coarse/pH4p5_nacl400_c1_seed20260813	configs/refcba_state_model.yaml	configs/refcba_md.yaml	huang_anchored_refcba_gouy_chapman_salt_v3
180	pH4p5_nacl400_c2_seed20260813	4.5	400.0	2.0	20260813	results/refcba_full_grid_v3/coarse/pH4p5_nacl400_c2_seed20260813	configs/refcba_state_model.yaml	configs/refcba_md.yaml	huang_anchored_refcba_gouy_chapman_salt_v3
181	pH4p5_nacl400_c5_seed20260813	4.5	400.0	5.0	20260813	results/refcba_full_grid_v3/coarse/pH4p5_nacl400_c5_seed20260813	configs/refcba_state_model.yaml	configs/refcba_md.yaml	huang_anchored_refcba_gouy_chapman_salt_v3
182	pH4p5_nacl400_c10_seed20260813	4.5	400.0	10.0	20260813	results/refcba_full_grid_v3/coarse/pH4p5_nacl400_c10_seed20260813	configs/refcba_state_model.yaml	configs/refcba_md.yaml	huang_anchored_refcba_gouy_chapman_salt_v3
183	pH4p5_nacl400_c20_seed20260813	4.5	400.0	20.0	20260813	results/refcba_full_grid_v3/coarse/pH4p5_nacl400_c20_seed20260813	configs/refcba_state_model.yaml	configs/refcba_md.yaml	huang_anchored_refcba_gouy_chapman_salt_v3
184	pH4p5_nacl500_c0p1_seed20260813	4.5	500.0	0.1	20260813	results/refcba_full_grid_v3/coarse/pH4p5_nacl500_c0p1_seed20260813	configs/refcba_state_model.yaml	configs/refcba_md.yaml	huang_anchored_refcba_gouy_chapman_salt_v3
185	pH4p5_nacl500_c0p2_seed20260813	4.5	500.0	0.2	20260813	results/refcba_full_grid_v3/coarse/pH4p5_nacl500_c0p2_seed20260813	configs/refcba_state_model.yaml	configs/refcba_md.yaml	huang_anchored_refcba_gouy_chapman_salt_v3
186	pH4p5_nacl500_c0p5_seed20260813	4.5	500.0	0.5	20260813	results/refcba_full_grid_v3/coarse/pH4p5_nacl500_c0p5_seed20260813	configs/refcba_state_model.yaml	configs/refcba_md.yaml	huang_anchored_refcba_gouy_chapman_salt_v3
187	pH4p5_nacl500_c1_seed20260813	4.5	500.0	1.0	20260813	results/refcba_full_grid_v3/coarse/pH4p5_nacl500_c1_seed20260813	configs/refcba_state_model.yaml	configs/refcba_md.yaml	huang_anchored_refcba_gouy_chapman_salt_v3
188	pH4p5_nacl500_c2_seed20260813	4.5	500.0	2.0	20260813	results/refcba_full_grid_v3/coarse/pH4p5_nacl500_c2_seed20260813	configs/refcba_state_model.yaml	configs/refcba_md.yaml	huang_anchored_refcba_gouy_chapman_salt_v3
189	pH4p5_nacl500_c5_seed20260813	4.5	500.0	5.0	20260813	results/refcba_full_grid_v3/coarse/pH4p5_nacl500_c5_seed20260813	configs/refcba_state_model.yaml	configs/refcba_md.yaml	huang_anchored_refcba_gouy_chapman_salt_v3
190	pH4p5_nacl500_c10_seed20260813	4.5	500.0	10.0	20260813	results/refcba_full_grid_v3/coarse/pH4p5_nacl500_c10_seed20260813	configs/refcba_state_model.yaml	configs/refcba_md.yaml	huang_anchored_refcba_gouy_chapman_salt_v3
191	pH4p5_nacl500_c20_seed20260813	4.5	500.0	20.0	20260813	results/refcba_full_grid_v3/coarse/pH4p5_nacl500_c20_seed20260813	configs/refcba_state_model.yaml	configs/refcba_md.yaml	huang_anchored_refcba_gouy_chapman_salt_v3
192	pH4p8852_nacl0_c0p1_seed20260813	4.8852	0.0	0.1	20260813	results/refcba_full_grid_v3/coarse/pH4p8852_nacl0_c0p1_seed20260813	configs/refcba_state_model.yaml	configs/refcba_md.yaml	huang_anchored_refcba_gouy_chapman_salt_v3
193	pH4p8852_nacl0_c0p2_seed20260813	4.8852	0.0	0.2	20260813	results/refcba_full_grid_v3/coarse/pH4p8852_nacl0_c0p2_seed20260813	configs/refcba_state_model.yaml	configs/refcba_md.yaml	huang_anchored_refcba_gouy_chapman_salt_v3
194	pH4p8852_nacl0_c0p5_seed20260813	4.8852	0.0	0.5	20260813	results/refcba_full_grid_v3/coarse/pH4p8852_nacl0_c0p5_seed20260813	configs/refcba_state_model.yaml	configs/refcba_md.yaml	huang_anchored_refcba_gouy_chapman_salt_v3
195	pH4p8852_nacl0_c1_seed20260813	4.8852	0.0	1.0	20260813	results/refcba_full_grid_v3/coarse/pH4p8852_nacl0_c1_seed20260813	configs/refcba_state_model.yaml	configs/refcba_md.yaml	huang_anchored_refcba_gouy_chapman_salt_v3
196	pH4p8852_nacl0_c2_seed20260813	4.8852	0.0	2.0	20260813	results/refcba_full_grid_v3/coarse/pH4p8852_nacl0_c2_seed20260813	configs/refcba_state_model.yaml	configs/refcba_md.yaml	huang_anchored_refcba_gouy_chapman_salt_v3
197	pH4p8852_nacl0_c5_seed20260813	4.8852	0.0	5.0	20260813	results/refcba_full_grid_v3/coarse/pH4p8852_nacl0_c5_seed20260813	configs/refcba_state_model.yaml	configs/refcba_md.yaml	huang_anchored_refcba_gouy_chapman_salt_v3
198	pH4p8852_nacl0_c10_seed20260813	4.8852	0.0	10.0	20260813	results/refcba_full_grid_v3/coarse/pH4p8852_nacl0_c10_seed20260813	configs/refcba_state_model.yaml	configs/refcba_md.yaml	huang_anchored_refcba_gouy_chapman_salt_v3
199	pH4p8852_nacl0_c20_seed20260813	4.8852	0.0	20.0	20260813	results/refcba_full_grid_v3/coarse/pH4p8852_nacl0_c20_seed20260813	configs/refcba_state_model.yaml	configs/refcba_md.yaml	huang_anchored_refcba_gouy_chapman_salt_v3
200	pH4p8852_nacl25_c0p1_seed20260813	4.8852	25.0	0.1	20260813	results/refcba_full_grid_v3/coarse/pH4p8852_nacl25_c0p1_seed20260813	configs/refcba_state_model.yaml	configs/refcba_md.yaml	huang_anchored_refcba_gouy_chapman_salt_v3
201	pH4p8852_nacl25_c0p2_seed20260813	4.8852	25.0	0.2	20260813	results/refcba_full_grid_v3/coarse/pH4p8852_nacl25_c0p2_seed20260813	configs/refcba_state_model.yaml	configs/refcba_md.yaml	huang_anchored_refcba_gouy_chapman_salt_v3
202	pH4p8852_nacl25_c0p5_seed20260813	4.8852	25.0	0.5	20260813	results/refcba_full_grid_v3/coarse/pH4p8852_nacl25_c0p5_seed20260813	configs/refcba_state_model.yaml	configs/refcba_md.yaml	huang_anchored_refcba_gouy_chapman_salt_v3
203	pH4p8852_nacl25_c1_seed20260813	4.8852	25.0	1.0	20260813	results/refcba_full_grid_v3/coarse/pH4p8852_nacl25_c1_seed20260813	configs/refcba_state_model.yaml	configs/refcba_md.yaml	huang_anchored_refcba_gouy_chapman_salt_v3
204	pH4p8852_nacl25_c2_seed20260813	4.8852	25.0	2.0	20260813	results/refcba_full_grid_v3/coarse/pH4p8852_nacl25_c2_seed20260813	configs/refcba_state_model.yaml	configs/refcba_md.yaml	huang_anchored_refcba_gouy_chapman_salt_v3
205	pH4p8852_nacl25_c5_seed20260813	4.8852	25.0	5.0	20260813	results/refcba_full_grid_v3/coarse/pH4p8852_nacl25_c5_seed20260813	configs/refcba_state_model.yaml	configs/refcba_md.yaml	huang_anchored_refcba_gouy_chapman_salt_v3
206	pH4p8852_nacl25_c10_seed20260813	4.8852	25.0	10.0	20260813	results/refcba_full_grid_v3/coarse/pH4p8852_nacl25_c10_seed20260813	configs/refcba_state_model.yaml	configs/refcba_md.yaml	huang_anchored_refcba_gouy_chapman_salt_v3
207	pH4p8852_nacl25_c20_seed20260813	4.8852	25.0	20.0	20260813	results/refcba_full_grid_v3/coarse/pH4p8852_nacl25_c20_seed20260813	configs/refcba_state_model.yaml	configs/refcba_md.yaml	huang_anchored_refcba_gouy_chapman_salt_v3
208	pH4p8852_nacl50_c0p1_seed20260813	4.8852	50.0	0.1	20260813	results/refcba_full_grid_v3/coarse/pH4p8852_nacl50_c0p1_seed20260813	configs/refcba_state_model.yaml	configs/refcba_md.yaml	huang_anchored_refcba_gouy_chapman_salt_v3
209	pH4p8852_nacl50_c0p2_seed20260813	4.8852	50.0	0.2	20260813	results/refcba_full_grid_v3/coarse/pH4p8852_nacl50_c0p2_seed20260813	configs/refcba_state_model.yaml	configs/refcba_md.yaml	huang_anchored_refcba_gouy_chapman_salt_v3
210	pH4p8852_nacl50_c0p5_seed20260813	4.8852	50.0	0.5	20260813	results/refcba_full_grid_v3/coarse/pH4p8852_nacl50_c0p5_seed20260813	configs/refcba_state_model.yaml	configs/refcba_md.yaml	huang_anchored_refcba_gouy_chapman_salt_v3
211	pH4p8852_nacl50_c1_seed20260813	4.8852	50.0	1.0	20260813	results/refcba_full_grid_v3/coarse/pH4p8852_nacl50_c1_seed20260813	configs/refcba_state_model.yaml	configs/refcba_md.yaml	huang_anchored_refcba_gouy_chapman_salt_v3
212	pH4p8852_nacl50_c2_seed20260813	4.8852	50.0	2.0	20260813	results/refcba_full_grid_v3/coarse/pH4p8852_nacl50_c2_seed20260813	configs/refcba_state_model.yaml	configs/refcba_md.yaml	huang_anchored_refcba_gouy_chapman_salt_v3
213	pH4p8852_nacl50_c5_seed20260813	4.8852	50.0	5.0	20260813	results/refcba_full_grid_v3/coarse/pH4p8852_nacl50_c5_seed20260813	configs/refcba_state_model.yaml	configs/refcba_md.yaml	huang_anchored_refcba_gouy_chapman_salt_v3
214	pH4p8852_nacl50_c10_seed20260813	4.8852	50.0	10.0	20260813	results/refcba_full_grid_v3/coarse/pH4p8852_nacl50_c10_seed20260813	configs/refcba_state_model.yaml	configs/refcba_md.yaml	huang_anchored_refcba_gouy_chapman_salt_v3
215	pH4p8852_nacl50_c20_seed20260813	4.8852	50.0	20.0	20260813	results/refcba_full_grid_v3/coarse/pH4p8852_nacl50_c20_seed20260813	configs/refcba_state_model.yaml	configs/refcba_md.yaml	huang_anchored_refcba_gouy_chapman_salt_v3
216	pH4p8852_nacl100_c0p1_seed20260813	4.8852	100.0	0.1	20260813	results/refcba_full_grid_v3/coarse/pH4p8852_nacl100_c0p1_seed20260813	configs/refcba_state_model.yaml	configs/refcba_md.yaml	huang_anchored_refcba_gouy_chapman_salt_v3
217	pH4p8852_nacl100_c0p2_seed20260813	4.8852	100.0	0.2	20260813	results/refcba_full_grid_v3/coarse/pH4p8852_nacl100_c0p2_seed20260813	configs/refcba_state_model.yaml	configs/refcba_md.yaml	huang_anchored_refcba_gouy_chapman_salt_v3
218	pH4p8852_nacl100_c0p5_seed20260813	4.8852	100.0	0.5	20260813	results/refcba_full_grid_v3/coarse/pH4p8852_nacl100_c0p5_seed20260813	configs/refcba_state_model.yaml	configs/refcba_md.yaml	huang_anchored_refcba_gouy_chapman_salt_v3
219	pH4p8852_nacl100_c1_seed20260813	4.8852	100.0	1.0	20260813	results/refcba_full_grid_v3/coarse/pH4p8852_nacl100_c1_seed20260813	configs/refcba_state_model.yaml	configs/refcba_md.yaml	huang_anchored_refcba_gouy_chapman_salt_v3
220	pH4p8852_nacl100_c2_seed20260813	4.8852	100.0	2.0	20260813	results/refcba_full_grid_v3/coarse/pH4p8852_nacl100_c2_seed20260813	configs/refcba_state_model.yaml	configs/refcba_md.yaml	huang_anchored_refcba_gouy_chapman_salt_v3
221	pH4p8852_nacl100_c5_seed20260813	4.8852	100.0	5.0	20260813	results/refcba_full_grid_v3/coarse/pH4p8852_nacl100_c5_seed20260813	configs/refcba_state_model.yaml	configs/refcba_md.yaml	huang_anchored_refcba_gouy_chapman_salt_v3
222	pH4p8852_nacl100_c10_seed20260813	4.8852	100.0	10.0	20260813	results/refcba_full_grid_v3/coarse/pH4p8852_nacl100_c10_seed20260813	configs/refcba_state_model.yaml	configs/refcba_md.yaml	huang_anchored_refcba_gouy_chapman_salt_v3
223	pH4p8852_nacl100_c20_seed20260813	4.8852	100.0	20.0	20260813	results/refcba_full_grid_v3/coarse/pH4p8852_nacl100_c20_seed20260813	configs/refcba_state_model.yaml	configs/refcba_md.yaml	huang_anchored_refcba_gouy_chapman_salt_v3
224	pH4p8852_nacl200_c0p1_seed20260813	4.8852	200.0	0.1	20260813	results/refcba_full_grid_v3/coarse/pH4p8852_nacl200_c0p1_seed20260813	configs/refcba_state_model.yaml	configs/refcba_md.yaml	huang_anchored_refcba_gouy_chapman_salt_v3
225	pH4p8852_nacl200_c0p2_seed20260813	4.8852	200.0	0.2	20260813	results/refcba_full_grid_v3/coarse/pH4p8852_nacl200_c0p2_seed20260813	configs/refcba_state_model.yaml	configs/refcba_md.yaml	huang_anchored_refcba_gouy_chapman_salt_v3
226	pH4p8852_nacl200_c0p5_seed20260813	4.8852	200.0	0.5	20260813	results/refcba_full_grid_v3/coarse/pH4p8852_nacl200_c0p5_seed20260813	configs/refcba_state_model.yaml	configs/refcba_md.yaml	huang_anchored_refcba_gouy_chapman_salt_v3
227	pH4p8852_nacl200_c1_seed20260813	4.8852	200.0	1.0	20260813	results/refcba_full_grid_v3/coarse/pH4p8852_nacl200_c1_seed20260813	configs/refcba_state_model.yaml	configs/refcba_md.yaml	huang_anchored_refcba_gouy_chapman_salt_v3
228	pH4p8852_nacl200_c2_seed20260813	4.8852	200.0	2.0	20260813	results/refcba_full_grid_v3/coarse/pH4p8852_nacl200_c2_seed20260813	configs/refcba_state_model.yaml	configs/refcba_md.yaml	huang_anchored_refcba_gouy_chapman_salt_v3
229	pH4p8852_nacl200_c5_seed20260813	4.8852	200.0	5.0	20260813	results/refcba_full_grid_v3/coarse/pH4p8852_nacl200_c5_seed20260813	configs/refcba_state_model.yaml	configs/refcba_md.yaml	huang_anchored_refcba_gouy_chapman_salt_v3
230	pH4p8852_nacl200_c10_seed20260813	4.8852	200.0	10.0	20260813	results/refcba_full_grid_v3/coarse/pH4p8852_nacl200_c10_seed20260813	configs/refcba_state_model.yaml	configs/refcba_md.yaml	huang_anchored_refcba_gouy_chapman_salt_v3
231	pH4p8852_nacl200_c20_seed20260813	4.8852	200.0	20.0	20260813	results/refcba_full_grid_v3/coarse/pH4p8852_nacl200_c20_seed20260813	configs/refcba_state_model.yaml	configs/refcba_md.yaml	huang_anchored_refcba_gouy_chapman_salt_v3
232	pH4p8852_nacl300_c0p1_seed20260813	4.8852	300.0	0.1	20260813	results/refcba_full_grid_v3/coarse/pH4p8852_nacl300_c0p1_seed20260813	configs/refcba_state_model.yaml	configs/refcba_md.yaml	huang_anchored_refcba_gouy_chapman_salt_v3
233	pH4p8852_nacl300_c0p2_seed20260813	4.8852	300.0	0.2	20260813	results/refcba_full_grid_v3/coarse/pH4p8852_nacl300_c0p2_seed20260813	configs/refcba_state_model.yaml	configs/refcba_md.yaml	huang_anchored_refcba_gouy_chapman_salt_v3
234	pH4p8852_nacl300_c0p5_seed20260813	4.8852	300.0	0.5	20260813	results/refcba_full_grid_v3/coarse/pH4p8852_nacl300_c0p5_seed20260813	configs/refcba_state_model.yaml	configs/refcba_md.yaml	huang_anchored_refcba_gouy_chapman_salt_v3
235	pH4p8852_nacl300_c1_seed20260813	4.8852	300.0	1.0	20260813	results/refcba_full_grid_v3/coarse/pH4p8852_nacl300_c1_seed20260813	configs/refcba_state_model.yaml	configs/refcba_md.yaml	huang_anchored_refcba_gouy_chapman_salt_v3
236	pH4p8852_nacl300_c2_seed20260813	4.8852	300.0	2.0	20260813	results/refcba_full_grid_v3/coarse/pH4p8852_nacl300_c2_seed20260813	configs/refcba_state_model.yaml	configs/refcba_md.yaml	huang_anchored_refcba_gouy_chapman_salt_v3
237	pH4p8852_nacl300_c5_seed20260813	4.8852	300.0	5.0	20260813	results/refcba_full_grid_v3/coarse/pH4p8852_nacl300_c5_seed20260813	configs/refcba_state_model.yaml	configs/refcba_md.yaml	huang_anchored_refcba_gouy_chapman_salt_v3
238	pH4p8852_nacl300_c10_seed20260813	4.8852	300.0	10.0	20260813	results/refcba_full_grid_v3/coarse/pH4p8852_nacl300_c10_seed20260813	configs/refcba_state_model.yaml	configs/refcba_md.yaml	huang_anchored_refcba_gouy_chapman_salt_v3
239	pH4p8852_nacl300_c20_seed20260813	4.8852	300.0	20.0	20260813	results/refcba_full_grid_v3/coarse/pH4p8852_nacl300_c20_seed20260813	configs/refcba_state_model.yaml	configs/refcba_md.yaml	huang_anchored_refcba_gouy_chapman_salt_v3
240	pH4p8852_nacl400_c0p1_seed20260813	4.8852	400.0	0.1	20260813	results/refcba_full_grid_v3/coarse/pH4p8852_nacl400_c0p1_seed20260813	configs/refcba_state_model.yaml	configs/refcba_md.yaml	huang_anchored_refcba_gouy_chapman_salt_v3
241	pH4p8852_nacl400_c0p2_seed20260813	4.8852	400.0	0.2	20260813	results/refcba_full_grid_v3/coarse/pH4p8852_nacl400_c0p2_seed20260813	configs/refcba_state_model.yaml	configs/refcba_md.yaml	huang_anchored_refcba_gouy_chapman_salt_v3
242	pH4p8852_nacl400_c0p5_seed20260813	4.8852	400.0	0.5	20260813	results/refcba_full_grid_v3/coarse/pH4p8852_nacl400_c0p5_seed20260813	configs/refcba_state_model.yaml	configs/refcba_md.yaml	huang_anchored_refcba_gouy_chapman_salt_v3
243	pH4p8852_nacl400_c1_seed20260813	4.8852	400.0	1.0	20260813	results/refcba_full_grid_v3/coarse/pH4p8852_nacl400_c1_seed20260813	configs/refcba_state_model.yaml	configs/refcba_md.yaml	huang_anchored_refcba_gouy_chapman_salt_v3
244	pH4p8852_nacl400_c2_seed20260813	4.8852	400.0	2.0	20260813	results/refcba_full_grid_v3/coarse/pH4p8852_nacl400_c2_seed20260813	configs/refcba_state_model.yaml	configs/refcba_md.yaml	huang_anchored_refcba_gouy_chapman_salt_v3
245	pH4p8852_nacl400_c5_seed20260813	4.8852	400.0	5.0	20260813	results/refcba_full_grid_v3/coarse/pH4p8852_nacl400_c5_seed20260813	configs/refcba_state_model.yaml	configs/refcba_md.yaml	huang_anchored_refcba_gouy_chapman_salt_v3
246	pH4p8852_nacl400_c10_seed20260813	4.8852	400.0	10.0	20260813	results/refcba_full_grid_v3/coarse/pH4p8852_nacl400_c10_seed20260813	configs/refcba_state_model.yaml	configs/refcba_md.yaml	huang_anchored_refcba_gouy_chapman_salt_v3
247	pH4p8852_nacl400_c20_seed20260813	4.8852	400.0	20.0	20260813	results/refcba_full_grid_v3/coarse/pH4p8852_nacl400_c20_seed20260813	configs/refcba_state_model.yaml	configs/refcba_md.yaml	huang_anchored_refcba_gouy_chapman_salt_v3
248	pH4p8852_nacl500_c0p1_seed20260813	4.8852	500.0	0.1	20260813	results/refcba_full_grid_v3/coarse/pH4p8852_nacl500_c0p1_seed20260813	configs/refcba_state_model.yaml	configs/refcba_md.yaml	huang_anchored_refcba_gouy_chapman_salt_v3
249	pH4p8852_nacl500_c0p2_seed20260813	4.8852	500.0	0.2	20260813	results/refcba_full_grid_v3/coarse/pH4p8852_nacl500_c0p2_seed20260813	configs/refcba_state_model.yaml	configs/refcba_md.yaml	huang_anchored_refcba_gouy_chapman_salt_v3
250	pH4p8852_nacl500_c0p5_seed20260813	4.8852	500.0	0.5	20260813	results/refcba_full_grid_v3/coarse/pH4p8852_nacl500_c0p5_seed20260813	configs/refcba_state_model.yaml	configs/refcba_md.yaml	huang_anchored_refcba_gouy_chapman_salt_v3
251	pH4p8852_nacl500_c1_seed20260813	4.8852	500.0	1.0	20260813	results/refcba_full_grid_v3/coarse/pH4p8852_nacl500_c1_seed20260813	configs/refcba_state_model.yaml	configs/refcba_md.yaml	huang_anchored_refcba_gouy_chapman_salt_v3
252	pH4p8852_nacl500_c2_seed20260813	4.8852	500.0	2.0	20260813	results/refcba_full_grid_v3/coarse/pH4p8852_nacl500_c2_seed20260813	configs/refcba_state_model.yaml	configs/refcba_md.yaml	huang_anchored_refcba_gouy_chapman_salt_v3
253	pH4p8852_nacl500_c5_seed20260813	4.8852	500.0	5.0	20260813	results/refcba_full_grid_v3/coarse/pH4p8852_nacl500_c5_seed20260813	configs/refcba_state_model.yaml	configs/refcba_md.yaml	huang_anchored_refcba_gouy_chapman_salt_v3
254	pH4p8852_nacl500_c10_seed20260813	4.8852	500.0	10.0	20260813	results/refcba_full_grid_v3/coarse/pH4p8852_nacl500_c10_seed20260813	configs/refcba_state_model.yaml	configs/refcba_md.yaml	huang_anchored_refcba_gouy_chapman_salt_v3
255	pH4p8852_nacl500_c20_seed20260813	4.8852	500.0	20.0	20260813	results/refcba_full_grid_v3/coarse/pH4p8852_nacl500_c20_seed20260813	configs/refcba_state_model.yaml	configs/refcba_md.yaml	huang_anchored_refcba_gouy_chapman_salt_v3
256	pH5p5_nacl0_c0p1_seed20260813	5.5	0.0	0.1	20260813	results/refcba_full_grid_v3/coarse/pH5p5_nacl0_c0p1_seed20260813	configs/refcba_state_model.yaml	configs/refcba_md.yaml	huang_anchored_refcba_gouy_chapman_salt_v3
257	pH5p5_nacl0_c0p2_seed20260813	5.5	0.0	0.2	20260813	results/refcba_full_grid_v3/coarse/pH5p5_nacl0_c0p2_seed20260813	configs/refcba_state_model.yaml	configs/refcba_md.yaml	huang_anchored_refcba_gouy_chapman_salt_v3
258	pH5p5_nacl0_c0p5_seed20260813	5.5	0.0	0.5	20260813	results/refcba_full_grid_v3/coarse/pH5p5_nacl0_c0p5_seed20260813	configs/refcba_state_model.yaml	configs/refcba_md.yaml	huang_anchored_refcba_gouy_chapman_salt_v3
259	pH5p5_nacl0_c1_seed20260813	5.5	0.0	1.0	20260813	results/refcba_full_grid_v3/coarse/pH5p5_nacl0_c1_seed20260813	configs/refcba_state_model.yaml	configs/refcba_md.yaml	huang_anchored_refcba_gouy_chapman_salt_v3
260	pH5p5_nacl0_c2_seed20260813	5.5	0.0	2.0	20260813	results/refcba_full_grid_v3/coarse/pH5p5_nacl0_c2_seed20260813	configs/refcba_state_model.yaml	configs/refcba_md.yaml	huang_anchored_refcba_gouy_chapman_salt_v3
261	pH5p5_nacl0_c5_seed20260813	5.5	0.0	5.0	20260813	results/refcba_full_grid_v3/coarse/pH5p5_nacl0_c5_seed20260813	configs/refcba_state_model.yaml	configs/refcba_md.yaml	huang_anchored_refcba_gouy_chapman_salt_v3
262	pH5p5_nacl0_c10_seed20260813	5.5	0.0	10.0	20260813	results/refcba_full_grid_v3/coarse/pH5p5_nacl0_c10_seed20260813	configs/refcba_state_model.yaml	configs/refcba_md.yaml	huang_anchored_refcba_gouy_chapman_salt_v3
263	pH5p5_nacl0_c20_seed20260813	5.5	0.0	20.0	20260813	results/refcba_full_grid_v3/coarse/pH5p5_nacl0_c20_seed20260813	configs/refcba_state_model.yaml	configs/refcba_md.yaml	huang_anchored_refcba_gouy_chapman_salt_v3
264	pH5p5_nacl25_c0p1_seed20260813	5.5	25.0	0.1	20260813	results/refcba_full_grid_v3/coarse/pH5p5_nacl25_c0p1_seed20260813	configs/refcba_state_model.yaml	configs/refcba_md.yaml	huang_anchored_refcba_gouy_chapman_salt_v3
265	pH5p5_nacl25_c0p2_seed20260813	5.5	25.0	0.2	20260813	results/refcba_full_grid_v3/coarse/pH5p5_nacl25_c0p2_seed20260813	configs/refcba_state_model.yaml	configs/refcba_md.yaml	huang_anchored_refcba_gouy_chapman_salt_v3
266	pH5p5_nacl25_c0p5_seed20260813	5.5	25.0	0.5	20260813	results/refcba_full_grid_v3/coarse/pH5p5_nacl25_c0p5_seed20260813	configs/refcba_state_model.yaml	configs/refcba_md.yaml	huang_anchored_refcba_gouy_chapman_salt_v3
267	pH5p5_nacl25_c1_seed20260813	5.5	25.0	1.0	20260813	results/refcba_full_grid_v3/coarse/pH5p5_nacl25_c1_seed20260813	configs/refcba_state_model.yaml	configs/refcba_md.yaml	huang_anchored_refcba_gouy_chapman_salt_v3
268	pH5p5_nacl25_c2_seed20260813	5.5	25.0	2.0	20260813	results/refcba_full_grid_v3/coarse/pH5p5_nacl25_c2_seed20260813	configs/refcba_state_model.yaml	configs/refcba_md.yaml	huang_anchored_refcba_gouy_chapman_salt_v3
269	pH5p5_nacl25_c5_seed20260813	5.5	25.0	5.0	20260813	results/refcba_full_grid_v3/coarse/pH5p5_nacl25_c5_seed20260813	configs/refcba_state_model.yaml	configs/refcba_md.yaml	huang_anchored_refcba_gouy_chapman_salt_v3
270	pH5p5_nacl25_c10_seed20260813	5.5	25.0	10.0	20260813	results/refcba_full_grid_v3/coarse/pH5p5_nacl25_c10_seed20260813	configs/refcba_state_model.yaml	configs/refcba_md.yaml	huang_anchored_refcba_gouy_chapman_salt_v3
271	pH5p5_nacl25_c20_seed20260813	5.5	25.0	20.0	20260813	results/refcba_full_grid_v3/coarse/pH5p5_nacl25_c20_seed20260813	configs/refcba_state_model.yaml	configs/refcba_md.yaml	huang_anchored_refcba_gouy_chapman_salt_v3
272	pH5p5_nacl50_c0p1_seed20260813	5.5	50.0	0.1	20260813	results/refcba_full_grid_v3/coarse/pH5p5_nacl50_c0p1_seed20260813	configs/refcba_state_model.yaml	configs/refcba_md.yaml	huang_anchored_refcba_gouy_chapman_salt_v3
273	pH5p5_nacl50_c0p2_seed20260813	5.5	50.0	0.2	20260813	results/refcba_full_grid_v3/coarse/pH5p5_nacl50_c0p2_seed20260813	configs/refcba_state_model.yaml	configs/refcba_md.yaml	huang_anchored_refcba_gouy_chapman_salt_v3
274	pH5p5_nacl50_c0p5_seed20260813	5.5	50.0	0.5	20260813	results/refcba_full_grid_v3/coarse/pH5p5_nacl50_c0p5_seed20260813	configs/refcba_state_model.yaml	configs/refcba_md.yaml	huang_anchored_refcba_gouy_chapman_salt_v3
275	pH5p5_nacl50_c1_seed20260813	5.5	50.0	1.0	20260813	results/refcba_full_grid_v3/coarse/pH5p5_nacl50_c1_seed20260813	configs/refcba_state_model.yaml	configs/refcba_md.yaml	huang_anchored_refcba_gouy_chapman_salt_v3
276	pH5p5_nacl50_c2_seed20260813	5.5	50.0	2.0	20260813	results/refcba_full_grid_v3/coarse/pH5p5_nacl50_c2_seed20260813	configs/refcba_state_model.yaml	configs/refcba_md.yaml	huang_anchored_refcba_gouy_chapman_salt_v3
277	pH5p5_nacl50_c5_seed20260813	5.5	50.0	5.0	20260813	results/refcba_full_grid_v3/coarse/pH5p5_nacl50_c5_seed20260813	configs/refcba_state_model.yaml	configs/refcba_md.yaml	huang_anchored_refcba_gouy_chapman_salt_v3
278	pH5p5_nacl50_c10_seed20260813	5.5	50.0	10.0	20260813	results/refcba_full_grid_v3/coarse/pH5p5_nacl50_c10_seed20260813	configs/refcba_state_model.yaml	configs/refcba_md.yaml	huang_anchored_refcba_gouy_chapman_salt_v3
279	pH5p5_nacl50_c20_seed20260813	5.5	50.0	20.0	20260813	results/refcba_full_grid_v3/coarse/pH5p5_nacl50_c20_seed20260813	configs/refcba_state_model.yaml	configs/refcba_md.yaml	huang_anchored_refcba_gouy_chapman_salt_v3
280	pH5p5_nacl100_c0p1_seed20260813	5.5	100.0	0.1	20260813	results/refcba_full_grid_v3/coarse/pH5p5_nacl100_c0p1_seed20260813	configs/refcba_state_model.yaml	configs/refcba_md.yaml	huang_anchored_refcba_gouy_chapman_salt_v3
281	pH5p5_nacl100_c0p2_seed20260813	5.5	100.0	0.2	20260813	results/refcba_full_grid_v3/coarse/pH5p5_nacl100_c0p2_seed20260813	configs/refcba_state_model.yaml	configs/refcba_md.yaml	huang_anchored_refcba_gouy_chapman_salt_v3
282	pH5p5_nacl100_c0p5_seed20260813	5.5	100.0	0.5	20260813	results/refcba_full_grid_v3/coarse/pH5p5_nacl100_c0p5_seed20260813	configs/refcba_state_model.yaml	configs/refcba_md.yaml	huang_anchored_refcba_gouy_chapman_salt_v3
283	pH5p5_nacl100_c1_seed20260813	5.5	100.0	1.0	20260813	results/refcba_full_grid_v3/coarse/pH5p5_nacl100_c1_seed20260813	configs/refcba_state_model.yaml	configs/refcba_md.yaml	huang_anchored_refcba_gouy_chapman_salt_v3
284	pH5p5_nacl100_c2_seed20260813	5.5	100.0	2.0	20260813	results/refcba_full_grid_v3/coarse/pH5p5_nacl100_c2_seed20260813	configs/refcba_state_model.yaml	configs/refcba_md.yaml	huang_anchored_refcba_gouy_chapman_salt_v3
285	pH5p5_nacl100_c5_seed20260813	5.5	100.0	5.0	20260813	results/refcba_full_grid_v3/coarse/pH5p5_nacl100_c5_seed20260813	configs/refcba_state_model.yaml	configs/refcba_md.yaml	huang_anchored_refcba_gouy_chapman_salt_v3
286	pH5p5_nacl100_c10_seed20260813	5.5	100.0	10.0	20260813	results/refcba_full_grid_v3/coarse/pH5p5_nacl100_c10_seed20260813	configs/refcba_state_model.yaml	configs/refcba_md.yaml	huang_anchored_refcba_gouy_chapman_salt_v3
287	pH5p5_nacl100_c20_seed20260813	5.5	100.0	20.0	20260813	results/refcba_full_grid_v3/coarse/pH5p5_nacl100_c20_seed20260813	configs/refcba_state_model.yaml	configs/refcba_md.yaml	huang_anchored_refcba_gouy_chapman_salt_v3
288	pH5p5_nacl200_c0p1_seed20260813	5.5	200.0	0.1	20260813	results/refcba_full_grid_v3/coarse/pH5p5_nacl200_c0p1_seed20260813	configs/refcba_state_model.yaml	configs/refcba_md.yaml	huang_anchored_refcba_gouy_chapman_salt_v3
289	pH5p5_nacl200_c0p2_seed20260813	5.5	200.0	0.2	20260813	results/refcba_full_grid_v3/coarse/pH5p5_nacl200_c0p2_seed20260813	configs/refcba_state_model.yaml	configs/refcba_md.yaml	huang_anchored_refcba_gouy_chapman_salt_v3
290	pH5p5_nacl200_c0p5_seed20260813	5.5	200.0	0.5	20260813	results/refcba_full_grid_v3/coarse/pH5p5_nacl200_c0p5_seed20260813	configs/refcba_state_model.yaml	configs/refcba_md.yaml	huang_anchored_refcba_gouy_chapman_salt_v3
291	pH5p5_nacl200_c1_seed20260813	5.5	200.0	1.0	20260813	results/refcba_full_grid_v3/coarse/pH5p5_nacl200_c1_seed20260813	configs/refcba_state_model.yaml	configs/refcba_md.yaml	huang_anchored_refcba_gouy_chapman_salt_v3
292	pH5p5_nacl200_c2_seed20260813	5.5	200.0	2.0	20260813	results/refcba_full_grid_v3/coarse/pH5p5_nacl200_c2_seed20260813	configs/refcba_state_model.yaml	configs/refcba_md.yaml	huang_anchored_refcba_gouy_chapman_salt_v3
293	pH5p5_nacl200_c5_seed20260813	5.5	200.0	5.0	20260813	results/refcba_full_grid_v3/coarse/pH5p5_nacl200_c5_seed20260813	configs/refcba_state_model.yaml	configs/refcba_md.yaml	huang_anchored_refcba_gouy_chapman_salt_v3
294	pH5p5_nacl200_c10_seed20260813	5.5	200.0	10.0	20260813	results/refcba_full_grid_v3/coarse/pH5p5_nacl200_c10_seed20260813	configs/refcba_state_model.yaml	configs/refcba_md.yaml	huang_anchored_refcba_gouy_chapman_salt_v3
295	pH5p5_nacl200_c20_seed20260813	5.5	200.0	20.0	20260813	results/refcba_full_grid_v3/coarse/pH5p5_nacl200_c20_seed20260813	configs/refcba_state_model.yaml	configs/refcba_md.yaml	huang_anchored_refcba_gouy_chapman_salt_v3
296	pH5p5_nacl300_c0p1_seed20260813	5.5	300.0	0.1	20260813	results/refcba_full_grid_v3/coarse/pH5p5_nacl300_c0p1_seed20260813	configs/refcba_state_model.yaml	configs/refcba_md.yaml	huang_anchored_refcba_gouy_chapman_salt_v3
297	pH5p5_nacl300_c0p2_seed20260813	5.5	300.0	0.2	20260813	results/refcba_full_grid_v3/coarse/pH5p5_nacl300_c0p2_seed20260813	configs/refcba_state_model.yaml	configs/refcba_md.yaml	huang_anchored_refcba_gouy_chapman_salt_v3
298	pH5p5_nacl300_c0p5_seed20260813	5.5	300.0	0.5	20260813	results/refcba_full_grid_v3/coarse/pH5p5_nacl300_c0p5_seed20260813	configs/refcba_state_model.yaml	configs/refcba_md.yaml	huang_anchored_refcba_gouy_chapman_salt_v3
299	pH5p5_nacl300_c1_seed20260813	5.5	300.0	1.0	20260813	results/refcba_full_grid_v3/coarse/pH5p5_nacl300_c1_seed20260813	configs/refcba_state_model.yaml	configs/refcba_md.yaml	huang_anchored_refcba_gouy_chapman_salt_v3
300	pH5p5_nacl300_c2_seed20260813	5.5	300.0	2.0	20260813	results/refcba_full_grid_v3/coarse/pH5p5_nacl300_c2_seed20260813	configs/refcba_state_model.yaml	configs/refcba_md.yaml	huang_anchored_refcba_gouy_chapman_salt_v3
301	pH5p5_nacl300_c5_seed20260813	5.5	300.0	5.0	20260813	results/refcba_full_grid_v3/coarse/pH5p5_nacl300_c5_seed20260813	configs/refcba_state_model.yaml	configs/refcba_md.yaml	huang_anchored_refcba_gouy_chapman_salt_v3
302	pH5p5_nacl300_c10_seed20260813	5.5	300.0	10.0	20260813	results/refcba_full_grid_v3/coarse/pH5p5_nacl300_c10_seed20260813	configs/refcba_state_model.yaml	configs/refcba_md.yaml	huang_anchored_refcba_gouy_chapman_salt_v3
303	pH5p5_nacl300_c20_seed20260813	5.5	300.0	20.0	20260813	results/refcba_full_grid_v3/coarse/pH5p5_nacl300_c20_seed20260813	configs/refcba_state_model.yaml	configs/refcba_md.yaml	huang_anchored_refcba_gouy_chapman_salt_v3
304	pH5p5_nacl400_c0p1_seed20260813	5.5	400.0	0.1	20260813	results/refcba_full_grid_v3/coarse/pH5p5_nacl400_c0p1_seed20260813	configs/refcba_state_model.yaml	configs/refcba_md.yaml	huang_anchored_refcba_gouy_chapman_salt_v3
305	pH5p5_nacl400_c0p2_seed20260813	5.5	400.0	0.2	20260813	results/refcba_full_grid_v3/coarse/pH5p5_nacl400_c0p2_seed20260813	configs/refcba_state_model.yaml	configs/refcba_md.yaml	huang_anchored_refcba_gouy_chapman_salt_v3
306	pH5p5_nacl400_c0p5_seed20260813	5.5	400.0	0.5	20260813	results/refcba_full_grid_v3/coarse/pH5p5_nacl400_c0p5_seed20260813	configs/refcba_state_model.yaml	configs/refcba_md.yaml	huang_anchored_refcba_gouy_chapman_salt_v3
307	pH5p5_nacl400_c1_seed20260813	5.5	400.0	1.0	20260813	results/refcba_full_grid_v3/coarse/pH5p5_nacl400_c1_seed20260813	configs/refcba_state_model.yaml	configs/refcba_md.yaml	huang_anchored_refcba_gouy_chapman_salt_v3
308	pH5p5_nacl400_c2_seed20260813	5.5	400.0	2.0	20260813	results/refcba_full_grid_v3/coarse/pH5p5_nacl400_c2_seed20260813	configs/refcba_state_model.yaml	configs/refcba_md.yaml	huang_anchored_refcba_gouy_chapman_salt_v3
309	pH5p5_nacl400_c5_seed20260813	5.5	400.0	5.0	20260813	results/refcba_full_grid_v3/coarse/pH5p5_nacl400_c5_seed20260813	configs/refcba_state_model.yaml	configs/refcba_md.yaml	huang_anchored_refcba_gouy_chapman_salt_v3
310	pH5p5_nacl400_c10_seed20260813	5.5	400.0	10.0	20260813	results/refcba_full_grid_v3/coarse/pH5p5_nacl400_c10_seed20260813	configs/refcba_state_model.yaml	configs/refcba_md.yaml	huang_anchored_refcba_gouy_chapman_salt_v3
311	pH5p5_nacl400_c20_seed20260813	5.5	400.0	20.0	20260813	results/refcba_full_grid_v3/coarse/pH5p5_nacl400_c20_seed20260813	configs/refcba_state_model.yaml	configs/refcba_md.yaml	huang_anchored_refcba_gouy_chapman_salt_v3
312	pH5p5_nacl500_c0p1_seed20260813	5.5	500.0	0.1	20260813	results/refcba_full_grid_v3/coarse/pH5p5_nacl500_c0p1_seed20260813	configs/refcba_state_model.yaml	configs/refcba_md.yaml	huang_anchored_refcba_gouy_chapman_salt_v3
313	pH5p5_nacl500_c0p2_seed20260813	5.5	500.0	0.2	20260813	results/refcba_full_grid_v3/coarse/pH5p5_nacl500_c0p2_seed20260813	configs/refcba_state_model.yaml	configs/refcba_md.yaml	huang_anchored_refcba_gouy_chapman_salt_v3
314	pH5p5_nacl500_c0p5_seed20260813	5.5	500.0	0.5	20260813	results/refcba_full_grid_v3/coarse/pH5p5_nacl500_c0p5_seed20260813	configs/refcba_state_model.yaml	configs/refcba_md.yaml	huang_anchored_refcba_gouy_chapman_salt_v3
315	pH5p5_nacl500_c1_seed20260813	5.5	500.0	1.0	20260813	results/refcba_full_grid_v3/coarse/pH5p5_nacl500_c1_seed20260813	configs/refcba_state_model.yaml	configs/refcba_md.yaml	huang_anchored_refcba_gouy_chapman_salt_v3
316	pH5p5_nacl500_c2_seed20260813	5.5	500.0	2.0	20260813	results/refcba_full_grid_v3/coarse/pH5p5_nacl500_c2_seed20260813	configs/refcba_state_model.yaml	configs/refcba_md.yaml	huang_anchored_refcba_gouy_chapman_salt_v3
317	pH5p5_nacl500_c5_seed20260813	5.5	500.0	5.0	20260813	results/refcba_full_grid_v3/coarse/pH5p5_nacl500_c5_seed20260813	configs/refcba_state_model.yaml	configs/refcba_md.yaml	huang_anchored_refcba_gouy_chapman_salt_v3
318	pH5p5_nacl500_c10_seed20260813	5.5	500.0	10.0	20260813	results/refcba_full_grid_v3/coarse/pH5p5_nacl500_c10_seed20260813	configs/refcba_state_model.yaml	configs/refcba_md.yaml	huang_anchored_refcba_gouy_chapman_salt_v3
319	pH5p5_nacl500_c20_seed20260813	5.5	500.0	20.0	20260813	results/refcba_full_grid_v3/coarse/pH5p5_nacl500_c20_seed20260813	configs/refcba_state_model.yaml	configs/refcba_md.yaml	huang_anchored_refcba_gouy_chapman_salt_v3
320	pH7_nacl0_c0p1_seed20260813	7.0	0.0	0.1	20260813	results/refcba_full_grid_v3/coarse/pH7_nacl0_c0p1_seed20260813	configs/refcba_state_model.yaml	configs/refcba_md.yaml	huang_anchored_refcba_gouy_chapman_salt_v3
321	pH7_nacl0_c0p2_seed20260813	7.0	0.0	0.2	20260813	results/refcba_full_grid_v3/coarse/pH7_nacl0_c0p2_seed20260813	configs/refcba_state_model.yaml	configs/refcba_md.yaml	huang_anchored_refcba_gouy_chapman_salt_v3
322	pH7_nacl0_c0p5_seed20260813	7.0	0.0	0.5	20260813	results/refcba_full_grid_v3/coarse/pH7_nacl0_c0p5_seed20260813	configs/refcba_state_model.yaml	configs/refcba_md.yaml	huang_anchored_refcba_gouy_chapman_salt_v3
323	pH7_nacl0_c1_seed20260813	7.0	0.0	1.0	20260813	results/refcba_full_grid_v3/coarse/pH7_nacl0_c1_seed20260813	configs/refcba_state_model.yaml	configs/refcba_md.yaml	huang_anchored_refcba_gouy_chapman_salt_v3
324	pH7_nacl0_c2_seed20260813	7.0	0.0	2.0	20260813	results/refcba_full_grid_v3/coarse/pH7_nacl0_c2_seed20260813	configs/refcba_state_model.yaml	configs/refcba_md.yaml	huang_anchored_refcba_gouy_chapman_salt_v3
325	pH7_nacl0_c5_seed20260813	7.0	0.0	5.0	20260813	results/refcba_full_grid_v3/coarse/pH7_nacl0_c5_seed20260813	configs/refcba_state_model.yaml	configs/refcba_md.yaml	huang_anchored_refcba_gouy_chapman_salt_v3
326	pH7_nacl0_c10_seed20260813	7.0	0.0	10.0	20260813	results/refcba_full_grid_v3/coarse/pH7_nacl0_c10_seed20260813	configs/refcba_state_model.yaml	configs/refcba_md.yaml	huang_anchored_refcba_gouy_chapman_salt_v3
327	pH7_nacl0_c20_seed20260813	7.0	0.0	20.0	20260813	results/refcba_full_grid_v3/coarse/pH7_nacl0_c20_seed20260813	configs/refcba_state_model.yaml	configs/refcba_md.yaml	huang_anchored_refcba_gouy_chapman_salt_v3
328	pH7_nacl25_c0p1_seed20260813	7.0	25.0	0.1	20260813	results/refcba_full_grid_v3/coarse/pH7_nacl25_c0p1_seed20260813	configs/refcba_state_model.yaml	configs/refcba_md.yaml	huang_anchored_refcba_gouy_chapman_salt_v3
329	pH7_nacl25_c0p2_seed20260813	7.0	25.0	0.2	20260813	results/refcba_full_grid_v3/coarse/pH7_nacl25_c0p2_seed20260813	configs/refcba_state_model.yaml	configs/refcba_md.yaml	huang_anchored_refcba_gouy_chapman_salt_v3
330	pH7_nacl25_c0p5_seed20260813	7.0	25.0	0.5	20260813	results/refcba_full_grid_v3/coarse/pH7_nacl25_c0p5_seed20260813	configs/refcba_state_model.yaml	configs/refcba_md.yaml	huang_anchored_refcba_gouy_chapman_salt_v3
331	pH7_nacl25_c1_seed20260813	7.0	25.0	1.0	20260813	results/refcba_full_grid_v3/coarse/pH7_nacl25_c1_seed20260813	configs/refcba_state_model.yaml	configs/refcba_md.yaml	huang_anchored_refcba_gouy_chapman_salt_v3
332	pH7_nacl25_c2_seed20260813	7.0	25.0	2.0	20260813	results/refcba_full_grid_v3/coarse/pH7_nacl25_c2_seed20260813	configs/refcba_state_model.yaml	configs/refcba_md.yaml	huang_anchored_refcba_gouy_chapman_salt_v3
333	pH7_nacl25_c5_seed20260813	7.0	25.0	5.0	20260813	results/refcba_full_grid_v3/coarse/pH7_nacl25_c5_seed20260813	configs/refcba_state_model.yaml	configs/refcba_md.yaml	huang_anchored_refcba_gouy_chapman_salt_v3
334	pH7_nacl25_c10_seed20260813	7.0	25.0	10.0	20260813	results/refcba_full_grid_v3/coarse/pH7_nacl25_c10_seed20260813	configs/refcba_state_model.yaml	configs/refcba_md.yaml	huang_anchored_refcba_gouy_chapman_salt_v3
335	pH7_nacl25_c20_seed20260813	7.0	25.0	20.0	20260813	results/refcba_full_grid_v3/coarse/pH7_nacl25_c20_seed20260813	configs/refcba_state_model.yaml	configs/refcba_md.yaml	huang_anchored_refcba_gouy_chapman_salt_v3
336	pH7_nacl50_c0p1_seed20260813	7.0	50.0	0.1	20260813	results/refcba_full_grid_v3/coarse/pH7_nacl50_c0p1_seed20260813	configs/refcba_state_model.yaml	configs/refcba_md.yaml	huang_anchored_refcba_gouy_chapman_salt_v3
337	pH7_nacl50_c0p2_seed20260813	7.0	50.0	0.2	20260813	results/refcba_full_grid_v3/coarse/pH7_nacl50_c0p2_seed20260813	configs/refcba_state_model.yaml	configs/refcba_md.yaml	huang_anchored_refcba_gouy_chapman_salt_v3
338	pH7_nacl50_c0p5_seed20260813	7.0	50.0	0.5	20260813	results/refcba_full_grid_v3/coarse/pH7_nacl50_c0p5_seed20260813	configs/refcba_state_model.yaml	configs/refcba_md.yaml	huang_anchored_refcba_gouy_chapman_salt_v3
339	pH7_nacl50_c1_seed20260813	7.0	50.0	1.0	20260813	results/refcba_full_grid_v3/coarse/pH7_nacl50_c1_seed20260813	configs/refcba_state_model.yaml	configs/refcba_md.yaml	huang_anchored_refcba_gouy_chapman_salt_v3
340	pH7_nacl50_c2_seed20260813	7.0	50.0	2.0	20260813	results/refcba_full_grid_v3/coarse/pH7_nacl50_c2_seed20260813	configs/refcba_state_model.yaml	configs/refcba_md.yaml	huang_anchored_refcba_gouy_chapman_salt_v3
341	pH7_nacl50_c5_seed20260813	7.0	50.0	5.0	20260813	results/refcba_full_grid_v3/coarse/pH7_nacl50_c5_seed20260813	configs/refcba_state_model.yaml	configs/refcba_md.yaml	huang_anchored_refcba_gouy_chapman_salt_v3
342	pH7_nacl50_c10_seed20260813	7.0	50.0	10.0	20260813	results/refcba_full_grid_v3/coarse/pH7_nacl50_c10_seed20260813	configs/refcba_state_model.yaml	configs/refcba_md.yaml	huang_anchored_refcba_gouy_chapman_salt_v3
343	pH7_nacl50_c20_seed20260813	7.0	50.0	20.0	20260813	results/refcba_full_grid_v3/coarse/pH7_nacl50_c20_seed20260813	configs/refcba_state_model.yaml	configs/refcba_md.yaml	huang_anchored_refcba_gouy_chapman_salt_v3
344	pH7_nacl100_c0p1_seed20260813	7.0	100.0	0.1	20260813	results/refcba_full_grid_v3/coarse/pH7_nacl100_c0p1_seed20260813	configs/refcba_state_model.yaml	configs/refcba_md.yaml	huang_anchored_refcba_gouy_chapman_salt_v3
345	pH7_nacl100_c0p2_seed20260813	7.0	100.0	0.2	20260813	results/refcba_full_grid_v3/coarse/pH7_nacl100_c0p2_seed20260813	configs/refcba_state_model.yaml	configs/refcba_md.yaml	huang_anchored_refcba_gouy_chapman_salt_v3
346	pH7_nacl100_c0p5_seed20260813	7.0	100.0	0.5	20260813	results/refcba_full_grid_v3/coarse/pH7_nacl100_c0p5_seed20260813	configs/refcba_state_model.yaml	configs/refcba_md.yaml	huang_anchored_refcba_gouy_chapman_salt_v3
347	pH7_nacl100_c1_seed20260813	7.0	100.0	1.0	20260813	results/refcba_full_grid_v3/coarse/pH7_nacl100_c1_seed20260813	configs/refcba_state_model.yaml	configs/refcba_md.yaml	huang_anchored_refcba_gouy_chapman_salt_v3
348	pH7_nacl100_c2_seed20260813	7.0	100.0	2.0	20260813	results/refcba_full_grid_v3/coarse/pH7_nacl100_c2_seed20260813	configs/refcba_state_model.yaml	configs/refcba_md.yaml	huang_anchored_refcba_gouy_chapman_salt_v3
349	pH7_nacl100_c5_seed20260813	7.0	100.0	5.0	20260813	results/refcba_full_grid_v3/coarse/pH7_nacl100_c5_seed20260813	configs/refcba_state_model.yaml	configs/refcba_md.yaml	huang_anchored_refcba_gouy_chapman_salt_v3
350	pH7_nacl100_c10_seed20260813	7.0	100.0	10.0	20260813	results/refcba_full_grid_v3/coarse/pH7_nacl100_c10_seed20260813	configs/refcba_state_model.yaml	configs/refcba_md.yaml	huang_anchored_refcba_gouy_chapman_salt_v3
351	pH7_nacl100_c20_seed20260813	7.0	100.0	20.0	20260813	results/refcba_full_grid_v3/coarse/pH7_nacl100_c20_seed20260813	configs/refcba_state_model.yaml	configs/refcba_md.yaml	huang_anchored_refcba_gouy_chapman_salt_v3
352	pH7_nacl200_c0p1_seed20260813	7.0	200.0	0.1	20260813	results/refcba_full_grid_v3/coarse/pH7_nacl200_c0p1_seed20260813	configs/refcba_state_model.yaml	configs/refcba_md.yaml	huang_anchored_refcba_gouy_chapman_salt_v3
353	pH7_nacl200_c0p2_seed20260813	7.0	200.0	0.2	20260813	results/refcba_full_grid_v3/coarse/pH7_nacl200_c0p2_seed20260813	configs/refcba_state_model.yaml	configs/refcba_md.yaml	huang_anchored_refcba_gouy_chapman_salt_v3
354	pH7_nacl200_c0p5_seed20260813	7.0	200.0	0.5	20260813	results/refcba_full_grid_v3/coarse/pH7_nacl200_c0p5_seed20260813	configs/refcba_state_model.yaml	configs/refcba_md.yaml	huang_anchored_refcba_gouy_chapman_salt_v3
355	pH7_nacl200_c1_seed20260813	7.0	200.0	1.0	20260813	results/refcba_full_grid_v3/coarse/pH7_nacl200_c1_seed20260813	configs/refcba_state_model.yaml	configs/refcba_md.yaml	huang_anchored_refcba_gouy_chapman_salt_v3
356	pH7_nacl200_c2_seed20260813	7.0	200.0	2.0	20260813	results/refcba_full_grid_v3/coarse/pH7_nacl200_c2_seed20260813	configs/refcba_state_model.yaml	configs/refcba_md.yaml	huang_anchored_refcba_gouy_chapman_salt_v3
357	pH7_nacl200_c5_seed20260813	7.0	200.0	5.0	20260813	results/refcba_full_grid_v3/coarse/pH7_nacl200_c5_seed20260813	configs/refcba_state_model.yaml	configs/refcba_md.yaml	huang_anchored_refcba_gouy_chapman_salt_v3
358	pH7_nacl200_c10_seed20260813	7.0	200.0	10.0	20260813	results/refcba_full_grid_v3/coarse/pH7_nacl200_c10_seed20260813	configs/refcba_state_model.yaml	configs/refcba_md.yaml	huang_anchored_refcba_gouy_chapman_salt_v3
359	pH7_nacl200_c20_seed20260813	7.0	200.0	20.0	20260813	results/refcba_full_grid_v3/coarse/pH7_nacl200_c20_seed20260813	configs/refcba_state_model.yaml	configs/refcba_md.yaml	huang_anchored_refcba_gouy_chapman_salt_v3
360	pH7_nacl300_c0p1_seed20260813	7.0	300.0	0.1	20260813	results/refcba_full_grid_v3/coarse/pH7_nacl300_c0p1_seed20260813	configs/refcba_state_model.yaml	configs/refcba_md.yaml	huang_anchored_refcba_gouy_chapman_salt_v3
361	pH7_nacl300_c0p2_seed20260813	7.0	300.0	0.2	20260813	results/refcba_full_grid_v3/coarse/pH7_nacl300_c0p2_seed20260813	configs/refcba_state_model.yaml	configs/refcba_md.yaml	huang_anchored_refcba_gouy_chapman_salt_v3
362	pH7_nacl300_c0p5_seed20260813	7.0	300.0	0.5	20260813	results/refcba_full_grid_v3/coarse/pH7_nacl300_c0p5_seed20260813	configs/refcba_state_model.yaml	configs/refcba_md.yaml	huang_anchored_refcba_gouy_chapman_salt_v3
363	pH7_nacl300_c1_seed20260813	7.0	300.0	1.0	20260813	results/refcba_full_grid_v3/coarse/pH7_nacl300_c1_seed20260813	configs/refcba_state_model.yaml	configs/refcba_md.yaml	huang_anchored_refcba_gouy_chapman_salt_v3
364	pH7_nacl300_c2_seed20260813	7.0	300.0	2.0	20260813	results/refcba_full_grid_v3/coarse/pH7_nacl300_c2_seed20260813	configs/refcba_state_model.yaml	configs/refcba_md.yaml	huang_anchored_refcba_gouy_chapman_salt_v3
365	pH7_nacl300_c5_seed20260813	7.0	300.0	5.0	20260813	results/refcba_full_grid_v3/coarse/pH7_nacl300_c5_seed20260813	configs/refcba_state_model.yaml	configs/refcba_md.yaml	huang_anchored_refcba_gouy_chapman_salt_v3
366	pH7_nacl300_c10_seed20260813	7.0	300.0	10.0	20260813	results/refcba_full_grid_v3/coarse/pH7_nacl300_c10_seed20260813	configs/refcba_state_model.yaml	configs/refcba_md.yaml	huang_anchored_refcba_gouy_chapman_salt_v3
367	pH7_nacl300_c20_seed20260813	7.0	300.0	20.0	20260813	results/refcba_full_grid_v3/coarse/pH7_nacl300_c20_seed20260813	configs/refcba_state_model.yaml	configs/refcba_md.yaml	huang_anchored_refcba_gouy_chapman_salt_v3
368	pH7_nacl400_c0p1_seed20260813	7.0	400.0	0.1	20260813	results/refcba_full_grid_v3/coarse/pH7_nacl400_c0p1_seed20260813	configs/refcba_state_model.yaml	configs/refcba_md.yaml	huang_anchored_refcba_gouy_chapman_salt_v3
369	pH7_nacl400_c0p2_seed20260813	7.0	400.0	0.2	20260813	results/refcba_full_grid_v3/coarse/pH7_nacl400_c0p2_seed20260813	configs/refcba_state_model.yaml	configs/refcba_md.yaml	huang_anchored_refcba_gouy_chapman_salt_v3
370	pH7_nacl400_c0p5_seed20260813	7.0	400.0	0.5	20260813	results/refcba_full_grid_v3/coarse/pH7_nacl400_c0p5_seed20260813	configs/refcba_state_model.yaml	configs/refcba_md.yaml	huang_anchored_refcba_gouy_chapman_salt_v3
371	pH7_nacl400_c1_seed20260813	7.0	400.0	1.0	20260813	results/refcba_full_grid_v3/coarse/pH7_nacl400_c1_seed20260813	configs/refcba_state_model.yaml	configs/refcba_md.yaml	huang_anchored_refcba_gouy_chapman_salt_v3
372	pH7_nacl400_c2_seed20260813	7.0	400.0	2.0	20260813	results/refcba_full_grid_v3/coarse/pH7_nacl400_c2_seed20260813	configs/refcba_state_model.yaml	configs/refcba_md.yaml	huang_anchored_refcba_gouy_chapman_salt_v3
373	pH7_nacl400_c5_seed20260813	7.0	400.0	5.0	20260813	results/refcba_full_grid_v3/coarse/pH7_nacl400_c5_seed20260813	configs/refcba_state_model.yaml	configs/refcba_md.yaml	huang_anchored_refcba_gouy_chapman_salt_v3
374	pH7_nacl400_c10_seed20260813	7.0	400.0	10.0	20260813	results/refcba_full_grid_v3/coarse/pH7_nacl400_c10_seed20260813	configs/refcba_state_model.yaml	configs/refcba_md.yaml	huang_anchored_refcba_gouy_chapman_salt_v3
375	pH7_nacl400_c20_seed20260813	7.0	400.0	20.0	20260813	results/refcba_full_grid_v3/coarse/pH7_nacl400_c20_seed20260813	configs/refcba_state_model.yaml	configs/refcba_md.yaml	huang_anchored_refcba_gouy_chapman_salt_v3
376	pH7_nacl500_c0p1_seed20260813	7.0	500.0	0.1	20260813	results/refcba_full_grid_v3/coarse/pH7_nacl500_c0p1_seed20260813	configs/refcba_state_model.yaml	configs/refcba_md.yaml	huang_anchored_refcba_gouy_chapman_salt_v3
377	pH7_nacl500_c0p2_seed20260813	7.0	500.0	0.2	20260813	results/refcba_full_grid_v3/coarse/pH7_nacl500_c0p2_seed20260813	configs/refcba_state_model.yaml	configs/refcba_md.yaml	huang_anchored_refcba_gouy_chapman_salt_v3
378	pH7_nacl500_c0p5_seed20260813	7.0	500.0	0.5	20260813	results/refcba_full_grid_v3/coarse/pH7_nacl500_c0p5_seed20260813	configs/refcba_state_model.yaml	configs/refcba_md.yaml	huang_anchored_refcba_gouy_chapman_salt_v3
379	pH7_nacl500_c1_seed20260813	7.0	500.0	1.0	20260813	results/refcba_full_grid_v3/coarse/pH7_nacl500_c1_seed20260813	configs/refcba_state_model.yaml	configs/refcba_md.yaml	huang_anchored_refcba_gouy_chapman_salt_v3
380	pH7_nacl500_c2_seed20260813	7.0	500.0	2.0	20260813	results/refcba_full_grid_v3/coarse/pH7_nacl500_c2_seed20260813	configs/refcba_state_model.yaml	configs/refcba_md.yaml	huang_anchored_refcba_gouy_chapman_salt_v3
381	pH7_nacl500_c5_seed20260813	7.0	500.0	5.0	20260813	results/refcba_full_grid_v3/coarse/pH7_nacl500_c5_seed20260813	configs/refcba_state_model.yaml	configs/refcba_md.yaml	huang_anchored_refcba_gouy_chapman_salt_v3
382	pH7_nacl500_c10_seed20260813	7.0	500.0	10.0	20260813	results/refcba_full_grid_v3/coarse/pH7_nacl500_c10_seed20260813	configs/refcba_state_model.yaml	configs/refcba_md.yaml	huang_anchored_refcba_gouy_chapman_salt_v3
383	pH7_nacl500_c20_seed20260813	7.0	500.0	20.0	20260813	results/refcba_full_grid_v3/coarse/pH7_nacl500_c20_seed20260813	configs/refcba_state_model.yaml	configs/refcba_md.yaml	huang_anchored_refcba_gouy_chapman_salt_v3
384	pH9_nacl0_c0p1_seed20260813	9.0	0.0	0.1	20260813	results/refcba_full_grid_v3/coarse/pH9_nacl0_c0p1_seed20260813	configs/refcba_state_model.yaml	configs/refcba_md.yaml	huang_anchored_refcba_gouy_chapman_salt_v3
385	pH9_nacl0_c0p2_seed20260813	9.0	0.0	0.2	20260813	results/refcba_full_grid_v3/coarse/pH9_nacl0_c0p2_seed20260813	configs/refcba_state_model.yaml	configs/refcba_md.yaml	huang_anchored_refcba_gouy_chapman_salt_v3
386	pH9_nacl0_c0p5_seed20260813	9.0	0.0	0.5	20260813	results/refcba_full_grid_v3/coarse/pH9_nacl0_c0p5_seed20260813	configs/refcba_state_model.yaml	configs/refcba_md.yaml	huang_anchored_refcba_gouy_chapman_salt_v3
387	pH9_nacl0_c1_seed20260813	9.0	0.0	1.0	20260813	results/refcba_full_grid_v3/coarse/pH9_nacl0_c1_seed20260813	configs/refcba_state_model.yaml	configs/refcba_md.yaml	huang_anchored_refcba_gouy_chapman_salt_v3
388	pH9_nacl0_c2_seed20260813	9.0	0.0	2.0	20260813	results/refcba_full_grid_v3/coarse/pH9_nacl0_c2_seed20260813	configs/refcba_state_model.yaml	configs/refcba_md.yaml	huang_anchored_refcba_gouy_chapman_salt_v3
389	pH9_nacl0_c5_seed20260813	9.0	0.0	5.0	20260813	results/refcba_full_grid_v3/coarse/pH9_nacl0_c5_seed20260813	configs/refcba_state_model.yaml	configs/refcba_md.yaml	huang_anchored_refcba_gouy_chapman_salt_v3
390	pH9_nacl0_c10_seed20260813	9.0	0.0	10.0	20260813	results/refcba_full_grid_v3/coarse/pH9_nacl0_c10_seed20260813	configs/refcba_state_model.yaml	configs/refcba_md.yaml	huang_anchored_refcba_gouy_chapman_salt_v3
391	pH9_nacl0_c20_seed20260813	9.0	0.0	20.0	20260813	results/refcba_full_grid_v3/coarse/pH9_nacl0_c20_seed20260813	configs/refcba_state_model.yaml	configs/refcba_md.yaml	huang_anchored_refcba_gouy_chapman_salt_v3
392	pH9_nacl25_c0p1_seed20260813	9.0	25.0	0.1	20260813	results/refcba_full_grid_v3/coarse/pH9_nacl25_c0p1_seed20260813	configs/refcba_state_model.yaml	configs/refcba_md.yaml	huang_anchored_refcba_gouy_chapman_salt_v3
393	pH9_nacl25_c0p2_seed20260813	9.0	25.0	0.2	20260813	results/refcba_full_grid_v3/coarse/pH9_nacl25_c0p2_seed20260813	configs/refcba_state_model.yaml	configs/refcba_md.yaml	huang_anchored_refcba_gouy_chapman_salt_v3
394	pH9_nacl25_c0p5_seed20260813	9.0	25.0	0.5	20260813	results/refcba_full_grid_v3/coarse/pH9_nacl25_c0p5_seed20260813	configs/refcba_state_model.yaml	configs/refcba_md.yaml	huang_anchored_refcba_gouy_chapman_salt_v3
395	pH9_nacl25_c1_seed20260813	9.0	25.0	1.0	20260813	results/refcba_full_grid_v3/coarse/pH9_nacl25_c1_seed20260813	configs/refcba_state_model.yaml	configs/refcba_md.yaml	huang_anchored_refcba_gouy_chapman_salt_v3
396	pH9_nacl25_c2_seed20260813	9.0	25.0	2.0	20260813	results/refcba_full_grid_v3/coarse/pH9_nacl25_c2_seed20260813	configs/refcba_state_model.yaml	configs/refcba_md.yaml	huang_anchored_refcba_gouy_chapman_salt_v3
397	pH9_nacl25_c5_seed20260813	9.0	25.0	5.0	20260813	results/refcba_full_grid_v3/coarse/pH9_nacl25_c5_seed20260813	configs/refcba_state_model.yaml	configs/refcba_md.yaml	huang_anchored_refcba_gouy_chapman_salt_v3
398	pH9_nacl25_c10_seed20260813	9.0	25.0	10.0	20260813	results/refcba_full_grid_v3/coarse/pH9_nacl25_c10_seed20260813	configs/refcba_state_model.yaml	configs/refcba_md.yaml	huang_anchored_refcba_gouy_chapman_salt_v3
399	pH9_nacl25_c20_seed20260813	9.0	25.0	20.0	20260813	results/refcba_full_grid_v3/coarse/pH9_nacl25_c20_seed20260813	configs/refcba_state_model.yaml	configs/refcba_md.yaml	huang_anchored_refcba_gouy_chapman_salt_v3
400	pH9_nacl50_c0p1_seed20260813	9.0	50.0	0.1	20260813	results/refcba_full_grid_v3/coarse/pH9_nacl50_c0p1_seed20260813	configs/refcba_state_model.yaml	configs/refcba_md.yaml	huang_anchored_refcba_gouy_chapman_salt_v3
401	pH9_nacl50_c0p2_seed20260813	9.0	50.0	0.2	20260813	results/refcba_full_grid_v3/coarse/pH9_nacl50_c0p2_seed20260813	configs/refcba_state_model.yaml	configs/refcba_md.yaml	huang_anchored_refcba_gouy_chapman_salt_v3
402	pH9_nacl50_c0p5_seed20260813	9.0	50.0	0.5	20260813	results/refcba_full_grid_v3/coarse/pH9_nacl50_c0p5_seed20260813	configs/refcba_state_model.yaml	configs/refcba_md.yaml	huang_anchored_refcba_gouy_chapman_salt_v3
403	pH9_nacl50_c1_seed20260813	9.0	50.0	1.0	20260813	results/refcba_full_grid_v3/coarse/pH9_nacl50_c1_seed20260813	configs/refcba_state_model.yaml	configs/refcba_md.yaml	huang_anchored_refcba_gouy_chapman_salt_v3
404	pH9_nacl50_c2_seed20260813	9.0	50.0	2.0	20260813	results/refcba_full_grid_v3/coarse/pH9_nacl50_c2_seed20260813	configs/refcba_state_model.yaml	configs/refcba_md.yaml	huang_anchored_refcba_gouy_chapman_salt_v3
405	pH9_nacl50_c5_seed20260813	9.0	50.0	5.0	20260813	results/refcba_full_grid_v3/coarse/pH9_nacl50_c5_seed20260813	configs/refcba_state_model.yaml	configs/refcba_md.yaml	huang_anchored_refcba_gouy_chapman_salt_v3
406	pH9_nacl50_c10_seed20260813	9.0	50.0	10.0	20260813	results/refcba_full_grid_v3/coarse/pH9_nacl50_c10_seed20260813	configs/refcba_state_model.yaml	configs/refcba_md.yaml	huang_anchored_refcba_gouy_chapman_salt_v3
407	pH9_nacl50_c20_seed20260813	9.0	50.0	20.0	20260813	results/refcba_full_grid_v3/coarse/pH9_nacl50_c20_seed20260813	configs/refcba_state_model.yaml	configs/refcba_md.yaml	huang_anchored_refcba_gouy_chapman_salt_v3
408	pH9_nacl100_c0p1_seed20260813	9.0	100.0	0.1	20260813	results/refcba_full_grid_v3/coarse/pH9_nacl100_c0p1_seed20260813	configs/refcba_state_model.yaml	configs/refcba_md.yaml	huang_anchored_refcba_gouy_chapman_salt_v3
409	pH9_nacl100_c0p2_seed20260813	9.0	100.0	0.2	20260813	results/refcba_full_grid_v3/coarse/pH9_nacl100_c0p2_seed20260813	configs/refcba_state_model.yaml	configs/refcba_md.yaml	huang_anchored_refcba_gouy_chapman_salt_v3
410	pH9_nacl100_c0p5_seed20260813	9.0	100.0	0.5	20260813	results/refcba_full_grid_v3/coarse/pH9_nacl100_c0p5_seed20260813	configs/refcba_state_model.yaml	configs/refcba_md.yaml	huang_anchored_refcba_gouy_chapman_salt_v3
411	pH9_nacl100_c1_seed20260813	9.0	100.0	1.0	20260813	results/refcba_full_grid_v3/coarse/pH9_nacl100_c1_seed20260813	configs/refcba_state_model.yaml	configs/refcba_md.yaml	huang_anchored_refcba_gouy_chapman_salt_v3
412	pH9_nacl100_c2_seed20260813	9.0	100.0	2.0	20260813	results/refcba_full_grid_v3/coarse/pH9_nacl100_c2_seed20260813	configs/refcba_state_model.yaml	configs/refcba_md.yaml	huang_anchored_refcba_gouy_chapman_salt_v3
413	pH9_nacl100_c5_seed20260813	9.0	100.0	5.0	20260813	results/refcba_full_grid_v3/coarse/pH9_nacl100_c5_seed20260813	configs/refcba_state_model.yaml	configs/refcba_md.yaml	huang_anchored_refcba_gouy_chapman_salt_v3
414	pH9_nacl100_c10_seed20260813	9.0	100.0	10.0	20260813	results/refcba_full_grid_v3/coarse/pH9_nacl100_c10_seed20260813	configs/refcba_state_model.yaml	configs/refcba_md.yaml	huang_anchored_refcba_gouy_chapman_salt_v3
415	pH9_nacl100_c20_seed20260813	9.0	100.0	20.0	20260813	results/refcba_full_grid_v3/coarse/pH9_nacl100_c20_seed20260813	configs/refcba_state_model.yaml	configs/refcba_md.yaml	huang_anchored_refcba_gouy_chapman_salt_v3
416	pH9_nacl200_c0p1_seed20260813	9.0	200.0	0.1	20260813	results/refcba_full_grid_v3/coarse/pH9_nacl200_c0p1_seed20260813	configs/refcba_state_model.yaml	configs/refcba_md.yaml	huang_anchored_refcba_gouy_chapman_salt_v3
417	pH9_nacl200_c0p2_seed20260813	9.0	200.0	0.2	20260813	results/refcba_full_grid_v3/coarse/pH9_nacl200_c0p2_seed20260813	configs/refcba_state_model.yaml	configs/refcba_md.yaml	huang_anchored_refcba_gouy_chapman_salt_v3
418	pH9_nacl200_c0p5_seed20260813	9.0	200.0	0.5	20260813	results/refcba_full_grid_v3/coarse/pH9_nacl200_c0p5_seed20260813	configs/refcba_state_model.yaml	configs/refcba_md.yaml	huang_anchored_refcba_gouy_chapman_salt_v3
419	pH9_nacl200_c1_seed20260813	9.0	200.0	1.0	20260813	results/refcba_full_grid_v3/coarse/pH9_nacl200_c1_seed20260813	configs/refcba_state_model.yaml	configs/refcba_md.yaml	huang_anchored_refcba_gouy_chapman_salt_v3
420	pH9_nacl200_c2_seed20260813	9.0	200.0	2.0	20260813	results/refcba_full_grid_v3/coarse/pH9_nacl200_c2_seed20260813	configs/refcba_state_model.yaml	configs/refcba_md.yaml	huang_anchored_refcba_gouy_chapman_salt_v3
421	pH9_nacl200_c5_seed20260813	9.0	200.0	5.0	20260813	results/refcba_full_grid_v3/coarse/pH9_nacl200_c5_seed20260813	configs/refcba_state_model.yaml	configs/refcba_md.yaml	huang_anchored_refcba_gouy_chapman_salt_v3
422	pH9_nacl200_c10_seed20260813	9.0	200.0	10.0	20260813	results/refcba_full_grid_v3/coarse/pH9_nacl200_c10_seed20260813	configs/refcba_state_model.yaml	configs/refcba_md.yaml	huang_anchored_refcba_gouy_chapman_salt_v3
423	pH9_nacl200_c20_seed20260813	9.0	200.0	20.0	20260813	results/refcba_full_grid_v3/coarse/pH9_nacl200_c20_seed20260813	configs/refcba_state_model.yaml	configs/refcba_md.yaml	huang_anchored_refcba_gouy_chapman_salt_v3
424	pH9_nacl300_c0p1_seed20260813	9.0	300.0	0.1	20260813	results/refcba_full_grid_v3/coarse/pH9_nacl300_c0p1_seed20260813	configs/refcba_state_model.yaml	configs/refcba_md.yaml	huang_anchored_refcba_gouy_chapman_salt_v3
425	pH9_nacl300_c0p2_seed20260813	9.0	300.0	0.2	20260813	results/refcba_full_grid_v3/coarse/pH9_nacl300_c0p2_seed20260813	configs/refcba_state_model.yaml	configs/refcba_md.yaml	huang_anchored_refcba_gouy_chapman_salt_v3
426	pH9_nacl300_c0p5_seed20260813	9.0	300.0	0.5	20260813	results/refcba_full_grid_v3/coarse/pH9_nacl300_c0p5_seed20260813	configs/refcba_state_model.yaml	configs/refcba_md.yaml	huang_anchored_refcba_gouy_chapman_salt_v3
427	pH9_nacl300_c1_seed20260813	9.0	300.0	1.0	20260813	results/refcba_full_grid_v3/coarse/pH9_nacl300_c1_seed20260813	configs/refcba_state_model.yaml	configs/refcba_md.yaml	huang_anchored_refcba_gouy_chapman_salt_v3
428	pH9_nacl300_c2_seed20260813	9.0	300.0	2.0	20260813	results/refcba_full_grid_v3/coarse/pH9_nacl300_c2_seed20260813	configs/refcba_state_model.yaml	configs/refcba_md.yaml	huang_anchored_refcba_gouy_chapman_salt_v3
429	pH9_nacl300_c5_seed20260813	9.0	300.0	5.0	20260813	results/refcba_full_grid_v3/coarse/pH9_nacl300_c5_seed20260813	configs/refcba_state_model.yaml	configs/refcba_md.yaml	huang_anchored_refcba_gouy_chapman_salt_v3
430	pH9_nacl300_c10_seed20260813	9.0	300.0	10.0	20260813	results/refcba_full_grid_v3/coarse/pH9_nacl300_c10_seed20260813	configs/refcba_state_model.yaml	configs/refcba_md.yaml	huang_anchored_refcba_gouy_chapman_salt_v3
431	pH9_nacl300_c20_seed20260813	9.0	300.0	20.0	20260813	results/refcba_full_grid_v3/coarse/pH9_nacl300_c20_seed20260813	configs/refcba_state_model.yaml	configs/refcba_md.yaml	huang_anchored_refcba_gouy_chapman_salt_v3
432	pH9_nacl400_c0p1_seed20260813	9.0	400.0	0.1	20260813	results/refcba_full_grid_v3/coarse/pH9_nacl400_c0p1_seed20260813	configs/refcba_state_model.yaml	configs/refcba_md.yaml	huang_anchored_refcba_gouy_chapman_salt_v3
433	pH9_nacl400_c0p2_seed20260813	9.0	400.0	0.2	20260813	results/refcba_full_grid_v3/coarse/pH9_nacl400_c0p2_seed20260813	configs/refcba_state_model.yaml	configs/refcba_md.yaml	huang_anchored_refcba_gouy_chapman_salt_v3
434	pH9_nacl400_c0p5_seed20260813	9.0	400.0	0.5	20260813	results/refcba_full_grid_v3/coarse/pH9_nacl400_c0p5_seed20260813	configs/refcba_state_model.yaml	configs/refcba_md.yaml	huang_anchored_refcba_gouy_chapman_salt_v3
435	pH9_nacl400_c1_seed20260813	9.0	400.0	1.0	20260813	results/refcba_full_grid_v3/coarse/pH9_nacl400_c1_seed20260813	configs/refcba_state_model.yaml	configs/refcba_md.yaml	huang_anchored_refcba_gouy_chapman_salt_v3
436	pH9_nacl400_c2_seed20260813	9.0	400.0	2.0	20260813	results/refcba_full_grid_v3/coarse/pH9_nacl400_c2_seed20260813	configs/refcba_state_model.yaml	configs/refcba_md.yaml	huang_anchored_refcba_gouy_chapman_salt_v3
437	pH9_nacl400_c5_seed20260813	9.0	400.0	5.0	20260813	results/refcba_full_grid_v3/coarse/pH9_nacl400_c5_seed20260813	configs/refcba_state_model.yaml	configs/refcba_md.yaml	huang_anchored_refcba_gouy_chapman_salt_v3
438	pH9_nacl400_c10_seed20260813	9.0	400.0	10.0	20260813	results/refcba_full_grid_v3/coarse/pH9_nacl400_c10_seed20260813	configs/refcba_state_model.yaml	configs/refcba_md.yaml	huang_anchored_refcba_gouy_chapman_salt_v3
439	pH9_nacl400_c20_seed20260813	9.0	400.0	20.0	20260813	results/refcba_full_grid_v3/coarse/pH9_nacl400_c20_seed20260813	configs/refcba_state_model.yaml	configs/refcba_md.yaml	huang_anchored_refcba_gouy_chapman_salt_v3
440	pH9_nacl500_c0p1_seed20260813	9.0	500.0	0.1	20260813	results/refcba_full_grid_v3/coarse/pH9_nacl500_c0p1_seed20260813	configs/refcba_state_model.yaml	configs/refcba_md.yaml	huang_anchored_refcba_gouy_chapman_salt_v3
441	pH9_nacl500_c0p2_seed20260813	9.0	500.0	0.2	20260813	results/refcba_full_grid_v3/coarse/pH9_nacl500_c0p2_seed20260813	configs/refcba_state_model.yaml	configs/refcba_md.yaml	huang_anchored_refcba_gouy_chapman_salt_v3
442	pH9_nacl500_c0p5_seed20260813	9.0	500.0	0.5	20260813	results/refcba_full_grid_v3/coarse/pH9_nacl500_c0p5_seed20260813	configs/refcba_state_model.yaml	configs/refcba_md.yaml	huang_anchored_refcba_gouy_chapman_salt_v3
443	pH9_nacl500_c1_seed20260813	9.0	500.0	1.0	20260813	results/refcba_full_grid_v3/coarse/pH9_nacl500_c1_seed20260813	configs/refcba_state_model.yaml	configs/refcba_md.yaml	huang_anchored_refcba_gouy_chapman_salt_v3
444	pH9_nacl500_c2_seed20260813	9.0	500.0	2.0	20260813	results/refcba_full_grid_v3/coarse/pH9_nacl500_c2_seed20260813	configs/refcba_state_model.yaml	configs/refcba_md.yaml	huang_anchored_refcba_gouy_chapman_salt_v3
445	pH9_nacl500_c5_seed20260813	9.0	500.0	5.0	20260813	results/refcba_full_grid_v3/coarse/pH9_nacl500_c5_seed20260813	configs/refcba_state_model.yaml	configs/refcba_md.yaml	huang_anchored_refcba_gouy_chapman_salt_v3
446	pH9_nacl500_c10_seed20260813	9.0	500.0	10.0	20260813	results/refcba_full_grid_v3/coarse/pH9_nacl500_c10_seed20260813	configs/refcba_state_model.yaml	configs/refcba_md.yaml	huang_anchored_refcba_gouy_chapman_salt_v3
447	pH9_nacl500_c20_seed20260813	9.0	500.0	20.0	20260813	results/refcba_full_grid_v3/coarse/pH9_nacl500_c20_seed20260813	configs/refcba_state_model.yaml	configs/refcba_md.yaml	huang_anchored_refcba_gouy_chapman_salt_v3
